--
-- PostgreSQL database dump
--

-- Dumped from database version 9.6.6
-- Dumped by pg_dump version 9.6.6

SET statement_timeout = 0;
SET lock_timeout = 0;
SET idle_in_transaction_session_timeout = 0;
SET client_encoding = 'UTF8';
SET standard_conforming_strings = on;
SET check_function_bodies = false;
SET client_min_messages = warning;
SET row_security = off;

--
-- Name: plpgsql; Type: EXTENSION; Schema: -; Owner: 
--

CREATE EXTENSION IF NOT EXISTS plpgsql WITH SCHEMA pg_catalog;


--
-- Name: EXTENSION plpgsql; Type: COMMENT; Schema: -; Owner: 
--

COMMENT ON EXTENSION plpgsql IS 'PL/pgSQL procedural language';


SET search_path = public, pg_catalog;

--
-- Name: enum_users_sex; Type: TYPE; Schema: public; Owner: vipfy_test_user
--

CREATE TYPE enum_users_sex AS ENUM (
    'm',
    'w',
    't'
);


ALTER TYPE enum_users_sex OWNER TO vipfy_test_user;

--
-- Name: enum_users_userStatus; Type: TYPE; Schema: public; Owner: user
--

CREATE TYPE "enum_users_userStatus" AS ENUM (
    'toverify',
    'normal',
    'banned',
    'onlynews'
);


ALTER TYPE "enum_users_userStatus" OWNER TO "user";

--
-- Name: enum_users_userstatus; Type: TYPE; Schema: public; Owner: vipfy_test_user
--

CREATE TYPE enum_users_userstatus AS ENUM (
    'toverify',
    'normal',
    'banned',
    'onlynews'
);


ALTER TYPE enum_users_userstatus OWNER TO vipfy_test_user;

--
-- Name: languages; Type: TYPE; Schema: public; Owner: user
--

CREATE TYPE languages AS ENUM (
    'English'
);


ALTER TYPE languages OWNER TO "user";

--
-- Name: userstatus; Type: TYPE; Schema: public; Owner: user
--

CREATE TYPE userstatus AS ENUM (
    'toverify',
    'normal',
    'banned',
    'onlynews'
);


ALTER TYPE userstatus OWNER TO "user";

--
-- Name: insert_company(character varying, integer); Type: FUNCTION; Schema: public; Owner: user
--

CREATE FUNCTION insert_company(compname character varying, userid integer) RETURNS integer
    LANGUAGE plpgsql
    AS $$
declare
newcompid integer; newdepartmentid integer;
begin
insert into companies (name) VALUES (compname) returning id into newcompid;
insert into departments (companyid, name) VALUES (newcompid, 'Main Office') returning departmentid into newdepartmentid; insert into userrights VALUES (userid, newcompid, newdepartmentid, 1); insert into employees (companyid, departmentid, userid, position) VALUES (newcompid, newdepartmentid, userid, 'Admin');
return newcompid;
end;
$$;


ALTER FUNCTION public.insert_company(compname character varying, userid integer) OWNER TO "user";

SET default_tablespace = '';

SET default_with_oids = false;

--
-- Name: appimages; Type: TABLE; Schema: public; Owner: vipfy_test_user
--

CREATE TABLE appimages (
    id integer NOT NULL,
    link character varying(255) NOT NULL,
    sequence integer,
    appid integer
);


ALTER TABLE appimages OWNER TO vipfy_test_user;

--
-- Name: appimages_id_seq; Type: SEQUENCE; Schema: public; Owner: vipfy_test_user
--

CREATE SEQUENCE appimages_id_seq
    START WITH 1
    INCREMENT BY 1
    NO MINVALUE
    NO MAXVALUE
    CACHE 1;


ALTER TABLE appimages_id_seq OWNER TO vipfy_test_user;

--
-- Name: appimages_id_seq; Type: SEQUENCE OWNED BY; Schema: public; Owner: vipfy_test_user
--

ALTER SEQUENCE appimages_id_seq OWNED BY appimages.id;


--
-- Name: appnotifications; Type: TABLE; Schema: public; Owner: vipfy_test_user
--

CREATE TABLE appnotifications (
    id integer NOT NULL,
    type integer,
    sendtime timestamp with time zone,
    readtime timestamp with time zone,
    deleted boolean DEFAULT false,
    senderdeleted boolean DEFAULT false,
    message text NOT NULL,
    touser integer,
    fromapp integer
);


ALTER TABLE appnotifications OWNER TO vipfy_test_user;

--
-- Name: appnotifications_id_seq; Type: SEQUENCE; Schema: public; Owner: vipfy_test_user
--

CREATE SEQUENCE appnotifications_id_seq
    START WITH 1
    INCREMENT BY 1
    NO MINVALUE
    NO MAXVALUE
    CACHE 1;


ALTER TABLE appnotifications_id_seq OWNER TO vipfy_test_user;

--
-- Name: appnotifications_id_seq; Type: SEQUENCE OWNED BY; Schema: public; Owner: vipfy_test_user
--

ALTER SEQUENCE appnotifications_id_seq OWNED BY appnotifications.id;


--
-- Name: apps; Type: TABLE; Schema: public; Owner: vipfy_test_user
--

CREATE TABLE apps (
    id integer NOT NULL,
    name character varying(255),
    percentage smallint,
    applogo character varying(255),
    description text,
    modaltype smallint DEFAULT 0,
    updatedate timestamp with time zone,
    versionnumber character varying(255),
    teaserdescription text,
    ownpage character varying(255),
    supportwebsite character varying(255),
    supportphone character varying(255),
    developerid integer
);


ALTER TABLE apps OWNER TO vipfy_test_user;

--
-- Name: apps_id_seq; Type: SEQUENCE; Schema: public; Owner: vipfy_test_user
--

CREATE SEQUENCE apps_id_seq
    START WITH 1
    INCREMENT BY 1
    NO MINVALUE
    NO MAXVALUE
    CACHE 1;


ALTER TABLE apps_id_seq OWNER TO vipfy_test_user;

--
-- Name: apps_id_seq; Type: SEQUENCE OWNED BY; Schema: public; Owner: vipfy_test_user
--

ALTER SEQUENCE apps_id_seq OWNED BY apps.id;


--
-- Name: reviews; Type: TABLE; Schema: public; Owner: vipfy_test_user
--

CREATE TABLE reviews (
    id integer NOT NULL,
    reviewdate timestamp with time zone,
    stars smallint DEFAULT 1 NOT NULL,
    reviewtext text,
    userid integer,
    appid integer,
    answerto integer
);


ALTER TABLE reviews OWNER TO vipfy_test_user;

--
-- Name: apps_view; Type: VIEW; Schema: public; Owner: user
--

CREATE VIEW apps_view AS
 SELECT apps.id,
    apps.developerid,
    apps.name,
    apps.percentage,
    apps.description,
    apps.applogo,
    apps.versionnumber,
    apps.updatedate,
    apps.teaserdescription,
    apps.ownpage,
    apps.supportwebsite,
    apps.supportphone,
    apps.modaltype,
    a.avg_stars,
    a.count_stars
   FROM (apps
     LEFT JOIN ( SELECT reviews.appid,
            (avg(reviews.stars))::numeric(2,1) AS avg_stars,
            count(reviews.stars) AS count_stars
           FROM reviews
          WHERE ((reviews.userid, reviews.reviewdate) IN ( SELECT reviews_1.userid,
                    max(reviews_1.reviewdate) AS max
                   FROM reviews reviews_1
                  GROUP BY reviews_1.userid))
          GROUP BY reviews.appid) a ON ((apps.id = a.appid)));


ALTER TABLE apps_view OWNER TO "user";

--
-- Name: boughtcompanyplans; Type: TABLE; Schema: public; Owner: user
--

CREATE TABLE boughtcompanyplans (
    companyid integer NOT NULL,
    appid integer NOT NULL,
    planid integer NOT NULL,
    datebought timestamp without time zone DEFAULT now() NOT NULL,
    planfinish timestamp without time zone,
    key character varying(256),
    lastrenewal timestamp without time zone DEFAULT now(),
    numrenewal integer,
    numlicences integer
);


ALTER TABLE boughtcompanyplans OWNER TO "user";

--
-- Name: boughtuserplans; Type: TABLE; Schema: public; Owner: user
--

CREATE TABLE boughtuserplans (
    userid integer NOT NULL,
    appid integer NOT NULL,
    planid integer NOT NULL,
    datebought timestamp without time zone DEFAULT now() NOT NULL,
    planfinish timestamp without time zone,
    key character varying(256),
    lastrenewal timestamp without time zone DEFAULT now(),
    numrenewal integer
);


ALTER TABLE boughtuserplans OWNER TO "user";

--
-- Name: companies; Type: TABLE; Schema: public; Owner: vipfy_test_user
--

CREATE TABLE companies (
    id integer NOT NULL,
    name character varying(255),
    companylogo character varying(255),
    addresscountry character varying(255),
    addressstate character varying(255),
    addresscity character varying(255),
    addressstreet character varying(255),
    addressnumber integer,
    family boolean DEFAULT false
);


ALTER TABLE companies OWNER TO vipfy_test_user;

--
-- Name: companies_id_seq; Type: SEQUENCE; Schema: public; Owner: vipfy_test_user
--

CREATE SEQUENCE companies_id_seq
    START WITH 1
    INCREMENT BY 1
    NO MINVALUE
    NO MAXVALUE
    CACHE 1;


ALTER TABLE companies_id_seq OWNER TO vipfy_test_user;

--
-- Name: companies_id_seq; Type: SEQUENCE OWNED BY; Schema: public; Owner: vipfy_test_user
--

ALTER SEQUENCE companies_id_seq OWNED BY companies.id;


--
-- Name: companybills; Type: TABLE; Schema: public; Owner: user
--

CREATE TABLE companybills (
    companyid integer,
    date timestamp without time zone DEFAULT now(),
    billpos integer,
    textpos character varying(256),
    price money,
    currency character(3),
    appid integer,
    planid integer
);


ALTER TABLE companybills OWNER TO "user";

--
-- Name: departments; Type: TABLE; Schema: public; Owner: vipfy_test_user
--

CREATE TABLE departments (
    id integer NOT NULL,
    name character varying(255),
    addresscountry character varying(255),
    addressstate character varying(255),
    addresscity character varying(255),
    addressstreet character varying(255),
    addressnumber integer,
    companyid integer
);


ALTER TABLE departments OWNER TO vipfy_test_user;

--
-- Name: departments_id_seq; Type: SEQUENCE; Schema: public; Owner: vipfy_test_user
--

CREATE SEQUENCE departments_id_seq
    START WITH 1
    INCREMENT BY 1
    NO MINVALUE
    NO MAXVALUE
    CACHE 1;


ALTER TABLE departments_id_seq OWNER TO vipfy_test_user;

--
-- Name: departments_id_seq; Type: SEQUENCE OWNED BY; Schema: public; Owner: vipfy_test_user
--

ALTER SEQUENCE departments_id_seq OWNED BY departments.id;


--
-- Name: developers; Type: TABLE; Schema: public; Owner: vipfy_test_user
--

CREATE TABLE developers (
    id integer NOT NULL,
    name character varying(255),
    website character varying(255),
    legalwebsite character varying(255),
    bankaccount character varying(255)
);


ALTER TABLE developers OWNER TO vipfy_test_user;

--
-- Name: developers_id_seq; Type: SEQUENCE; Schema: public; Owner: vipfy_test_user
--

CREATE SEQUENCE developers_id_seq
    START WITH 1
    INCREMENT BY 1
    NO MINVALUE
    NO MAXVALUE
    CACHE 1;


ALTER TABLE developers_id_seq OWNER TO vipfy_test_user;

--
-- Name: developers_id_seq; Type: SEQUENCE OWNED BY; Schema: public; Owner: vipfy_test_user
--

ALTER SEQUENCE developers_id_seq OWNED BY developers.id;


--
-- Name: employees; Type: TABLE; Schema: public; Owner: vipfy_test_user
--

CREATE TABLE employees (
    begindate timestamp with time zone,
    enddate timestamp with time zone,
    "position" character varying(255),
    companyid integer,
    departmentid integer,
    userid integer
);


ALTER TABLE employees OWNER TO vipfy_test_user;

--
-- Name: notifications; Type: TABLE; Schema: public; Owner: vipfy_test_user
--

CREATE TABLE notifications (
    id integer NOT NULL,
    type integer,
    sendtime timestamp with time zone,
    readtime timestamp with time zone,
    deleted boolean DEFAULT false,
    senderdeleted boolean DEFAULT false,
    message text NOT NULL,
    touser integer,
    fromuser integer
);


ALTER TABLE notifications OWNER TO vipfy_test_user;

--
-- Name: notifications_id_seq; Type: SEQUENCE; Schema: public; Owner: vipfy_test_user
--

CREATE SEQUENCE notifications_id_seq
    START WITH 1
    INCREMENT BY 1
    NO MINVALUE
    NO MAXVALUE
    CACHE 1;


ALTER TABLE notifications_id_seq OWNER TO vipfy_test_user;

--
-- Name: notifications_id_seq; Type: SEQUENCE OWNED BY; Schema: public; Owner: vipfy_test_user
--

ALTER SEQUENCE notifications_id_seq OWNED BY notifications.id;


--
-- Name: plans; Type: TABLE; Schema: public; Owner: vipfy_test_user
--

CREATE TABLE plans (
    id integer NOT NULL,
    description character varying(255),
    renewalplan integer,
    period integer,
    numlicences integer,
    price numeric(11,2),
    currency character varying(3),
    name character varying(255),
    activefrom date,
    activeuntil date,
    promo smallint,
    promovipfy numeric(11,2),
    promodeveloper numeric(11,2),
    promoname character varying(255),
    changeafter smallint,
    changeplan integer,
    appid integer
);


ALTER TABLE plans OWNER TO vipfy_test_user;

--
-- Name: plans_id_seq; Type: SEQUENCE; Schema: public; Owner: vipfy_test_user
--

CREATE SEQUENCE plans_id_seq
    START WITH 1
    INCREMENT BY 1
    NO MINVALUE
    NO MAXVALUE
    CACHE 1;


ALTER TABLE plans_id_seq OWNER TO vipfy_test_user;

--
-- Name: plans_id_seq; Type: SEQUENCE OWNED BY; Schema: public; Owner: vipfy_test_user
--

ALTER SEQUENCE plans_id_seq OWNED BY plans.id;


--
-- Name: reviewhelpful; Type: TABLE; Schema: public; Owner: vipfy_test_user
--

CREATE TABLE reviewhelpful (
    helpfuldate timestamp with time zone,
    balance integer,
    comment text,
    userid integer,
    reviewid integer
);


ALTER TABLE reviewhelpful OWNER TO vipfy_test_user;

--
-- Name: review_view; Type: VIEW; Schema: public; Owner: user
--

CREATE VIEW review_view AS
 SELECT reviews.userid,
    reviews.appid,
    reviews.reviewdate,
    reviews.stars,
    reviews.reviewtext,
    reviews.id,
    reviews.answerto,
    count(*) FILTER (WHERE (reviewhelpful.balance = 1)) AS counthelpful,
    count(*) FILTER (WHERE (reviewhelpful.balance = 2)) AS countunhelpful,
    count(*) FILTER (WHERE (reviewhelpful.balance = 0)) AS countcomment
   FROM (reviews
     LEFT JOIN reviewhelpful ON ((reviews.id = reviewhelpful.reviewid)))
  GROUP BY reviews.userid, reviews.appid, reviews.reviewdate, reviews.stars, reviews.reviewtext, reviews.id, reviews.answerto;


ALTER TABLE review_view OWNER TO "user";

--
-- Name: reviews_id_seq; Type: SEQUENCE; Schema: public; Owner: vipfy_test_user
--

CREATE SEQUENCE reviews_id_seq
    START WITH 1
    INCREMENT BY 1
    NO MINVALUE
    NO MAXVALUE
    CACHE 1;


ALTER TABLE reviews_id_seq OWNER TO vipfy_test_user;

--
-- Name: reviews_id_seq; Type: SEQUENCE OWNED BY; Schema: public; Owner: vipfy_test_user
--

ALTER SEQUENCE reviews_id_seq OWNED BY reviews.id;


--
-- Name: speaks; Type: TABLE; Schema: public; Owner: vipfy_test_user
--

CREATE TABLE speaks (
    language character varying(255) DEFAULT 'English'::character varying NOT NULL,
    preferred boolean DEFAULT false,
    userid integer
);


ALTER TABLE speaks OWNER TO vipfy_test_user;

--
-- Name: usedcompanyplans; Type: TABLE; Schema: public; Owner: user
--

CREATE TABLE usedcompanyplans (
    userid integer NOT NULL,
    appid integer NOT NULL,
    planid integer NOT NULL,
    companyid integer NOT NULL,
    planbought timestamp without time zone NOT NULL,
    key character varying(256),
    usedfrom timestamp without time zone DEFAULT now() NOT NULL,
    usedto timestamp without time zone
);


ALTER TABLE usedcompanyplans OWNER TO "user";

--
-- Name: userbills; Type: TABLE; Schema: public; Owner: vipfy_test_user
--

CREATE TABLE userbills (
    date date,
    billpos integer,
    textpos character varying(255),
    price numeric(11,2),
    currency character varying(3),
    orgcurrency character varying(3),
    exchangerate numeric(20,10),
    userid integer,
    planid integer
);


ALTER TABLE userbills OWNER TO vipfy_test_user;

--
-- Name: userrights; Type: TABLE; Schema: public; Owner: vipfy_test_user
--

CREATE TABLE userrights (
    userright integer NOT NULL,
    userid integer,
    companyid integer,
    departmentid integer
);


ALTER TABLE userrights OWNER TO vipfy_test_user;

--
-- Name: users; Type: TABLE; Schema: public; Owner: vipfy_test_user
--

CREATE TABLE users (
    id integer NOT NULL,
    firstname character varying(255),
    middlename character varying(255),
    lastname character varying(255),
    "position" character varying(255),
    email character varying(255) NOT NULL,
    password character varying(255),
    title character varying(255),
    sex enum_users_sex,
    userstatus enum_users_userstatus DEFAULT 'toverify'::enum_users_userstatus,
    birthday timestamp with time zone,
    recoveryemail character varying(255),
    mobilenumber character varying(255),
    telefonnumber character varying(255),
    addresscountry character varying(255),
    addressstate character varying(255),
    addresscity character varying(255),
    addressstreet character varying(255),
    addressnumber character varying(255),
    profilepicture character varying(255),
    lastactive timestamp with time zone,
    lastsecret character varying(255),
    riskvalue integer,
    newsletter boolean DEFAULT false,
    referall integer DEFAULT 0,
    cobranded integer DEFAULT 0,
    resetoption integer DEFAULT 0,
    "createdAt" timestamp with time zone,
    "updatedAt" timestamp with time zone
);


ALTER TABLE users OWNER TO vipfy_test_user;

--
-- Name: users_id_seq; Type: SEQUENCE; Schema: public; Owner: vipfy_test_user
--

CREATE SEQUENCE users_id_seq
    START WITH 1
    INCREMENT BY 1
    NO MINVALUE
    NO MAXVALUE
    CACHE 1;


ALTER TABLE users_id_seq OWNER TO vipfy_test_user;

--
-- Name: users_id_seq; Type: SEQUENCE OWNED BY; Schema: public; Owner: vipfy_test_user
--

ALTER SEQUENCE users_id_seq OWNED BY users.id;


--
-- Name: appimages id; Type: DEFAULT; Schema: public; Owner: vipfy_test_user
--

ALTER TABLE ONLY appimages ALTER COLUMN id SET DEFAULT nextval('appimages_id_seq'::regclass);


--
-- Name: appnotifications id; Type: DEFAULT; Schema: public; Owner: vipfy_test_user
--

ALTER TABLE ONLY appnotifications ALTER COLUMN id SET DEFAULT nextval('appnotifications_id_seq'::regclass);


--
-- Name: apps id; Type: DEFAULT; Schema: public; Owner: vipfy_test_user
--

ALTER TABLE ONLY apps ALTER COLUMN id SET DEFAULT nextval('apps_id_seq'::regclass);


--
-- Name: companies id; Type: DEFAULT; Schema: public; Owner: vipfy_test_user
--

ALTER TABLE ONLY companies ALTER COLUMN id SET DEFAULT nextval('companies_id_seq'::regclass);


--
-- Name: departments id; Type: DEFAULT; Schema: public; Owner: vipfy_test_user
--

ALTER TABLE ONLY departments ALTER COLUMN id SET DEFAULT nextval('departments_id_seq'::regclass);


--
-- Name: developers id; Type: DEFAULT; Schema: public; Owner: vipfy_test_user
--

ALTER TABLE ONLY developers ALTER COLUMN id SET DEFAULT nextval('developers_id_seq'::regclass);


--
-- Name: notifications id; Type: DEFAULT; Schema: public; Owner: vipfy_test_user
--

ALTER TABLE ONLY notifications ALTER COLUMN id SET DEFAULT nextval('notifications_id_seq'::regclass);


--
-- Name: plans id; Type: DEFAULT; Schema: public; Owner: vipfy_test_user
--

ALTER TABLE ONLY plans ALTER COLUMN id SET DEFAULT nextval('plans_id_seq'::regclass);


--
-- Name: reviews id; Type: DEFAULT; Schema: public; Owner: vipfy_test_user
--

ALTER TABLE ONLY reviews ALTER COLUMN id SET DEFAULT nextval('reviews_id_seq'::regclass);


--
-- Name: users id; Type: DEFAULT; Schema: public; Owner: vipfy_test_user
--

ALTER TABLE ONLY users ALTER COLUMN id SET DEFAULT nextval('users_id_seq'::regclass);


--
-- Data for Name: appimages; Type: TABLE DATA; Schema: public; Owner: vipfy_test_user
--

COPY appimages (id, link, sequence, appid) FROM stdin;
2	Weebly.jpeg	\N	2
\.


--
-- Name: appimages_id_seq; Type: SEQUENCE SET; Schema: public; Owner: vipfy_test_user
--

SELECT pg_catalog.setval('appimages_id_seq', 2, true);


--
-- Data for Name: appnotifications; Type: TABLE DATA; Schema: public; Owner: vipfy_test_user
--

COPY appnotifications (id, type, sendtime, readtime, deleted, senderdeleted, message, touser, fromapp) FROM stdin;
\.


--
-- Name: appnotifications_id_seq; Type: SEQUENCE SET; Schema: public; Owner: vipfy_test_user
--

SELECT pg_catalog.setval('appnotifications_id_seq', 1, false);


--
-- Data for Name: apps; Type: TABLE DATA; Schema: public; Owner: vipfy_test_user
--

COPY apps (id, name, percentage, applogo, description, modaltype, updatedate, versionnumber, teaserdescription, ownpage, supportwebsite, supportphone, developerid) FROM stdin;
2	Weebly	\N	weebly.svg	Web-hosting service featuring drag-and-drop website builder.	0	\N	\N	\N	\N	\N	\N	1
\.


--
-- Name: apps_id_seq; Type: SEQUENCE SET; Schema: public; Owner: vipfy_test_user
--

SELECT pg_catalog.setval('apps_id_seq', 2, true);


--
-- Data for Name: boughtcompanyplans; Type: TABLE DATA; Schema: public; Owner: user
--

COPY boughtcompanyplans (companyid, appid, planid, datebought, planfinish, key, lastrenewal, numrenewal, numlicences) FROM stdin;
\.


--
-- Data for Name: boughtuserplans; Type: TABLE DATA; Schema: public; Owner: user
--

COPY boughtuserplans (userid, appid, planid, datebought, planfinish, key, lastrenewal, numrenewal) FROM stdin;
\.


--
-- Data for Name: companies; Type: TABLE DATA; Schema: public; Owner: vipfy_test_user
--

COPY companies (id, name, companylogo, addresscountry, addressstate, addresscity, addressstreet, addressnumber, family) FROM stdin;
1	Motherfucking Blockchain Pros	http://lorempixel.com/640/480/business	USA	Nevada	San Francisco	Coolstreet	69	f
\.


--
-- Name: companies_id_seq; Type: SEQUENCE SET; Schema: public; Owner: vipfy_test_user
--

SELECT pg_catalog.setval('companies_id_seq', 1, true);


--
-- Data for Name: companybills; Type: TABLE DATA; Schema: public; Owner: user
--

COPY companybills (companyid, date, billpos, textpos, price, currency, appid, planid) FROM stdin;
\.


--
-- Data for Name: departments; Type: TABLE DATA; Schema: public; Owner: vipfy_test_user
--

COPY departments (id, name, addresscountry, addressstate, addresscity, addressstreet, addressnumber, companyid) FROM stdin;
\.


--
-- Name: departments_id_seq; Type: SEQUENCE SET; Schema: public; Owner: vipfy_test_user
--

SELECT pg_catalog.setval('departments_id_seq', 1, false);


--
-- Data for Name: developers; Type: TABLE DATA; Schema: public; Owner: vipfy_test_user
--

COPY developers (id, name, website, legalwebsite, bankaccount) FROM stdin;
1	Weebly, Inc	https://weebly.com	https://www.weebly.com/de/terms-of-service	555-555-555
\.


--
-- Name: developers_id_seq; Type: SEQUENCE SET; Schema: public; Owner: vipfy_test_user
--

SELECT pg_catalog.setval('developers_id_seq', 1, true);


--
-- Data for Name: employees; Type: TABLE DATA; Schema: public; Owner: vipfy_test_user
--

COPY employees (begindate, enddate, "position", companyid, departmentid, userid) FROM stdin;
\.


--
-- Data for Name: notifications; Type: TABLE DATA; Schema: public; Owner: vipfy_test_user
--

COPY notifications (id, type, sendtime, readtime, deleted, senderdeleted, message, touser, fromuser) FROM stdin;
1	1	\N	\N	f	f	Totam eveniet natus totam quia sed sunt.	2	1
2	1	\N	\N	f	f	Sit ipsam et aut quia illo quia quo placeat.	2	1
3	1	\N	\N	f	f	Quo ipsam eligendi dolorem atque ut.	2	1
4	1	\N	\N	f	f	Aut ipsam quia.	2	1
5	1	\N	\N	f	f	Et asperiores eum.	2	1
7	1	\N	\N	f	f	Autem consequuntur tempore blanditiis autem nulla non.	2	1
8	1	\N	\N	f	f	Incidunt dolore itaque.	2	1
9	1	\N	\N	f	f	Eos culpa beatae.	2	1
10	1	\N	\N	f	f	Tenetur esse ut facilis debitis non velit quaerat temporibus ullam.	2	1
11	1	\N	\N	f	f	Dolorem vel eius expedita veniam corporis.	2	1
12	1	\N	\N	f	f	Non quia blanditiis dolores sit et nesciunt.	2	1
13	1	\N	\N	f	f	Itaque sit tempore qui aut soluta.	2	1
14	1	\N	\N	f	f	Voluptate est doloremque inventore impedit neque perspiciatis ab.	2	1
15	1	\N	\N	f	f	Sapiente quia expedita quibusdam perspiciatis esse distinctio voluptatem quasi repudiandae.	12	11
16	1	\N	\N	f	f	Impedit earum asperiores deleniti sit repudiandae nihil.	6	11
17	1	\N	\N	f	f	Assumenda qui et magnam hic provident expedita ad molestiae.	1	14
18	1	\N	\N	f	f	Impedit consequatur sint eos vero iure omnis molestiae magni.	3	11
19	1	\N	\N	f	f	Voluptatem sed facilis odio eum nam.	9	14
20	1	\N	\N	f	f	Repellendus quis ut consequuntur ut sequi explicabo ratione.	3	8
21	1	\N	\N	f	f	Ut tempore id eaque libero.	6	12
22	1	\N	\N	f	f	Et ratione adipisci maxime id.	3	15
23	1	\N	\N	f	f	Occaecati explicabo et blanditiis blanditiis.	5	13
24	1	\N	\N	f	f	Nihil expedita quia velit illum voluptatem reprehenderit sapiente.	9	6
25	1	\N	\N	f	f	Et sit sit animi odit.	3	11
26	1	\N	\N	f	f	Ut maiores dolores aut.	3	10
27	1	\N	\N	f	f	Quo iusto eaque sed rem quas culpa molestias est debitis.	3	1
28	1	\N	\N	f	f	Omnis quibusdam qui soluta sunt.	2	27
29	1	\N	\N	f	f	Id itaque ea repellat ad sed necessitatibus aut aliquid.	25	23
30	1	\N	\N	f	f	Omnis ratione sequi voluptas neque adipisci laborum facere sed.	5	10
31	1	\N	\N	f	f	In et nihil aliquid dolorem.	30	29
32	1	\N	\N	f	f	Autem voluptatem vel et minus et et quisquam odio.	16	8
33	1	\N	\N	f	f	Et assumenda quia eos.	8	16
34	1	\N	\N	f	f	Voluptatum consequatur ut omnis cumque.	3	26
35	1	\N	\N	f	f	Quaerat dolor ut velit et incidunt et.	5	25
36	1	\N	\N	f	f	Aliquam magni non in.	11	15
37	1	\N	\N	f	f	Velit culpa est neque qui perspiciatis ea dolores illo omnis.	3	8
38	1	\N	\N	f	f	Quidem sit modi impedit placeat et quaerat quia suscipit.	12	22
39	1	\N	\N	f	f	Ratione iure ducimus quibusdam qui itaque.	17	27
40	1	\N	\N	f	f	Quae maiores est maiores.	28	16
41	1	\N	\N	f	f	Voluptatem quaerat tempora inventore saepe quam non.	13	20
42	1	\N	\N	f	f	Minus ipsam reiciendis sit culpa asperiores vel sed consectetur.	30	4
43	1	\N	\N	f	f	Eius officia aut repellat cum consequatur quod et qui est.	19	7
44	1	\N	\N	f	f	Nisi quo tenetur vitae consectetur laudantium facere.	27	7
45	1	\N	\N	f	f	Eos voluptatem vitae quo est accusantium nesciunt repellat deserunt.	28	8
46	1	\N	\N	f	f	Et praesentium qui similique similique sit odit quas delectus ullam.	20	6
47	1	\N	\N	f	f	Non qui sapiente excepturi in eius quis illum possimus nihil.	12	3
48	1	\N	\N	f	f	A repellat dolorum sit rerum distinctio reiciendis voluptatem ut.	18	24
49	1	\N	\N	f	f	Occaecati rerum nulla dolorum sint voluptas et atque officiis.	16	18
50	1	\N	\N	f	f	Alias error ad in id.	16	19
51	1	\N	\N	f	f	Nesciunt quidem minus quam rerum.	11	9
52	1	\N	\N	f	f	Asperiores ea autem et vero in illum.	23	6
53	1	\N	\N	f	f	Autem qui voluptatum sed aspernatur error officia.	6	30
54	1	\N	\N	f	f	Quaerat ut nesciunt porro mollitia dolores suscipit quo excepturi.	3	2
55	1	\N	\N	f	f	Unde est tenetur quo nihil ut aliquam eos.	8	15
56	1	\N	\N	f	f	Sunt alias delectus dolorem voluptatem eos ex facilis occaecati fugiat.	9	19
57	1	\N	\N	f	f	Itaque sed atque quaerat voluptatum enim quae.	15	11
58	1	\N	\N	f	f	Cupiditate est esse quos harum eaque officiis soluta at.	7	28
59	1	\N	\N	f	f	Vel sit recusandae ducimus nobis autem ex.	15	2
60	1	\N	\N	f	f	Placeat et iusto quidem nisi magni eveniet tempora.	12	24
61	1	\N	\N	f	f	Commodi fuga dolores ducimus aut.	20	3
62	1	\N	\N	f	f	Ullam nostrum ipsam nobis excepturi.	13	27
63	1	\N	\N	f	f	Nulla vel unde natus vel possimus nihil odio praesentium porro.	29	8
64	1	\N	\N	f	f	Rem ad magni et.	12	25
65	1	\N	\N	f	f	Tempore odit sequi quod quis libero labore reprehenderit.	30	10
66	1	\N	\N	f	f	Eos iste earum nostrum.	27	28
67	1	\N	\N	f	f	Ut pariatur omnis.	10	9
68	1	\N	\N	f	f	Aspernatur maiores totam error soluta non et aliquam omnis.	11	24
69	1	\N	\N	f	f	Voluptatem ut aliquam consequuntur quidem delectus eos sint.	30	1
70	1	\N	\N	f	f	Suscipit dolore dolores maxime odio fuga iure ipsum.	4	21
71	1	\N	\N	f	f	Modi et ad dicta.	7	12
72	1	\N	\N	f	f	Quas sunt incidunt dignissimos cum aut doloremque reiciendis non.	7	2
73	1	\N	\N	f	f	Voluptas est sed sed laborum eius rerum aut quis est.	5	12
74	1	\N	\N	f	f	Quia eos velit et et officia molestiae laborum hic.	27	17
75	1	\N	\N	f	f	Eius maiores et eos architecto ipsum omnis.	21	23
76	1	\N	\N	f	f	Sint dolorum et.	7	22
77	1	\N	\N	f	f	Voluptatibus repellat dicta cumque enim et.	2	6
78	1	\N	\N	f	f	Quaerat consequuntur voluptas eos architecto tenetur fugiat ipsa qui quisquam.	28	3
79	1	\N	\N	f	f	Deserunt tempore inventore corrupti laboriosam cum.	17	15
80	1	\N	\N	f	f	Aut eos cupiditate sed qui porro quo.	19	17
81	1	\N	\N	f	f	Qui non sint repellat expedita in.	8	28
82	1	\N	\N	f	f	Incidunt voluptatem placeat excepturi molestias.	28	14
83	1	\N	\N	f	f	Ratione consequatur aliquam expedita doloribus maiores nemo dolorum.	11	23
84	1	\N	\N	f	f	Omnis inventore pariatur beatae laudantium omnis qui repudiandae nulla dolores.	29	7
85	1	\N	\N	f	f	Qui aspernatur ratione quos temporibus nulla.	12	20
86	1	\N	\N	f	f	Eos earum tempora qui reprehenderit unde.	1	9
87	1	\N	\N	f	f	Qui nostrum occaecati quo nihil aut est ea.	27	25
88	1	\N	\N	f	f	Ipsa assumenda deserunt repellendus ipsa et laboriosam repudiandae modi voluptatem.	30	4
6	1	\N	2018-01-21 17:33:30.92+01	t	f	Perspiciatis cupiditate illum.	2	1
89	1	\N	\N	f	f	Repudiandae reiciendis vero recusandae reprehenderit sed blanditiis.	21	1
90	1	\N	\N	f	f	Qui velit quis ut vero et deserunt occaecati.	68	13
91	1	\N	\N	f	f	Dignissimos fugiat sed culpa quia facere.	44	19
92	1	\N	\N	f	f	Necessitatibus sed doloremque et rerum suscipit nihil maxime voluptatem.	59	23
93	1	\N	\N	f	f	Repellat eligendi quod neque aut.	38	16
94	1	\N	\N	f	f	Corrupti sed impedit ut sit.	46	26
95	1	\N	\N	f	f	Autem fuga nemo.	45	6
96	1	\N	\N	f	f	Qui tempora voluptas distinctio temporibus porro quas praesentium.	68	26
97	1	\N	\N	f	f	Molestiae quia dolores odio dolore voluptate omnis.	65	15
98	1	\N	\N	f	f	Sit sunt ratione est repellendus aut omnis.	44	22
99	1	\N	\N	f	f	Provident voluptatem eos minus aspernatur nostrum assumenda.	32	27
100	1	\N	\N	f	f	Facere tenetur eos et rerum non in omnis sint tempore.	49	14
101	1	\N	\N	f	f	Laboriosam numquam eaque nemo.	49	22
102	1	\N	\N	f	f	Nisi aliquam dolor ad omnis eum tenetur.	49	3
103	1	\N	\N	f	f	Similique doloremque dignissimos id harum consectetur.	63	4
104	1	\N	\N	f	f	Blanditiis aut ut culpa enim id.	61	6
105	1	\N	\N	f	f	Quas iusto maxime nihil repellat deleniti consequatur.	63	6
106	1	\N	\N	f	f	Cumque ipsa accusantium rerum.	41	16
107	1	\N	\N	f	f	Harum pariatur eos.	57	6
108	1	\N	\N	f	f	Totam eius nisi qui aut enim atque tempora quaerat.	53	18
109	1	\N	\N	f	f	Dolor dicta velit modi voluptatibus cumque quidem quisquam.	56	20
110	1	\N	\N	f	f	Excepturi nesciunt dolores.	46	25
111	1	\N	\N	f	f	Doloremque voluptatum quibusdam nihil explicabo consequatur architecto ducimus fuga.	35	22
112	1	\N	\N	f	f	Id aut impedit aliquam.	38	10
137	1	\N	2018-01-21 19:51:49.659+01	t	f	Libero aut reiciendis.	37	10
113	1	\N	2018-01-21 18:16:48.597+01	t	f	Aliquam et labore reprehenderit.	32	29
114	1	\N	\N	f	f	Reiciendis non in accusamus sed dignissimos illum quisquam ut facere.	56	15
129	1	\N	2018-01-21 19:47:18.969+01	t	f	Labore est magnam.	54	28
115	1	\N	2018-01-21 18:17:49.601+01	t	f	Delectus quia deserunt sit voluptatem rerum incidunt.	52	22
116	1	\N	\N	f	f	Aut alias vero minus doloremque aut accusantium numquam hic.	68	9
130	1	\N	\N	f	f	Sed corporis nihil ea.	31	25
117	1	\N	2018-01-21 18:49:09.485+01	t	f	Quis quo aliquid fuga blanditiis nemo totam earum distinctio ratione.	54	15
118	1	\N	\N	f	f	Et ut nisi.	70	13
119	1	\N	2018-01-21 18:49:48.135+01	t	f	Aut consequuntur quos sapiente possimus reprehenderit voluptas.	54	20
120	1	\N	\N	f	f	Ducimus quidem exercitationem est.	50	16
138	1	\N	\N	f	f	Est illum ex sapiente sint.	52	5
121	1	\N	2018-01-21 18:59:36.374+01	t	f	Deleniti molestiae minima qui ut id id ea omnis.	34	4
122	1	\N	\N	f	f	Expedita tempora cupiditate atque tempore voluptatibus quo.	56	14
131	1	\N	2018-01-21 19:48:09.491+01	t	f	Illo earum veritatis sint consectetur eveniet vero non esse quod.	38	20
123	1	\N	2018-01-21 19:34:08.456+01	t	f	Dicta laborum possimus voluptate id suscipit corporis et sit quae.	34	25
124	1	\N	\N	f	f	Occaecati dolores eos sint facere aut.	61	8
132	1	\N	\N	f	f	Eos dicta illum dicta magni pariatur.	52	24
125	1	\N	2018-01-21 19:34:45.69+01	t	f	At laudantium molestias sapiente aut vitae.	34	8
126	1	\N	\N	f	f	Praesentium atque tempore odit.	35	2
127	1	\N	2018-01-21 19:35:53.613+01	t	f	Officia et consequuntur illum.	53	29
128	1	\N	\N	f	f	Quis totam magni optio.	34	16
133	1	\N	2018-01-21 19:49:22.488+01	t	f	Harum quis velit dolorum nulla modi officia dolor aut non.	68	25
134	1	\N	\N	f	f	Fugiat velit velit iste ratione sit ullam.	47	13
142	1	\N	\N	f	f	Aspernatur veniam facilis nam neque nemo ut.	40	14
135	1	\N	2018-01-21 19:50:45.444+01	t	f	Non consequatur repudiandae voluptatem harum totam perspiciatis ad ipsa amet.	33	7
136	1	\N	\N	f	f	Et esse nostrum.	56	25
139	1	\N	2018-01-21 19:53:10.549+01	t	f	Aliquid inventore minima qui accusamus.	41	26
140	1	\N	\N	f	f	Dolores mollitia assumenda.	43	23
141	1	\N	2018-01-21 19:54:02.218+01	t	f	Suscipit necessitatibus sunt voluptatem reiciendis ex optio assumenda qui fugiat.	40	25
143	1	\N	2018-01-21 19:55:13.553+01	t	f	Sint quas maiores ipsum consequatur animi rerum sapiente recusandae debitis.	66	25
144	1	\N	\N	f	f	Non aperiam dolores sapiente nemo.	48	21
146	1	\N	\N	f	f	Dolor doloribus nobis nobis qui unde provident sapiente illum.	31	14
145	1	\N	2018-01-21 19:56:46.691+01	t	f	Veritatis fuga suscipit saepe.	43	9
148	1	\N	\N	f	f	Dolorum in illum quisquam.	59	24
147	1	\N	2018-01-21 19:57:24.285+01	t	f	Facilis dolores dolores ut natus quibusdam dolores.	47	3
150	1	\N	\N	f	f	Impedit molestiae sit eaque enim ducimus.	54	6
149	1	\N	2018-01-21 19:58:44.259+01	t	f	Quidem non sit adipisci atque perferendis.	61	12
152	1	\N	\N	f	f	Eveniet quia natus sed veritatis perspiciatis vitae placeat.	47	13
151	1	\N	2018-01-21 20:00:42.139+01	t	f	Similique fugiat ea maxime explicabo enim suscipit.	51	29
153	1	\N	2018-01-21 20:01:28.538+01	t	f	Libero eaque esse libero earum est placeat molestiae.	62	9
154	1	\N	\N	f	f	Et corrupti ut et et deleniti voluptatem ut eos.	34	4
186	1	\N	\N	f	f	Pariatur dolor aut animi autem ut et repellendus ea.	56	11
155	1	\N	2018-01-21 20:03:09.12+01	t	f	Voluptatem ducimus quam quis ut et explicabo sit.	66	5
156	1	\N	\N	f	f	Eligendi ipsa illum et molestiae nam corporis dolores voluptates explicabo.	57	29
157	1	\N	2018-01-21 20:04:37.942+01	t	f	Vel quaerat alias consequatur nisi fugit cupiditate dolorum possimus voluptatem.	57	2
158	1	\N	\N	f	f	Vero architecto ullam officiis molestiae ut occaecati aspernatur et dolorem.	38	29
214	1	\N	\N	f	f	Dolor veritatis aut laborum aut quia rem officiis molestias.	70	26
159	1	\N	2018-01-21 20:08:19.856+01	t	f	Perferendis saepe qui iure facere quis minus ad aspernatur.	35	25
160	1	\N	\N	f	f	Dolor omnis vel.	43	2
187	1	\N	2018-01-24 18:56:35.85+01	t	f	Ullam qui velit maxime non assumenda a eum quae.	61	14
161	1	\N	2018-01-21 20:10:13.287+01	t	f	Sint rerum atque voluptatem et et ipsam doloribus nesciunt accusantium.	35	4
162	1	\N	\N	f	f	Id sit eligendi est dolore.	65	1
188	1	\N	\N	f	f	Aut consequuntur voluptatibus.	33	7
163	1	\N	2018-01-21 20:11:23.013+01	t	f	Commodi et excepturi veritatis harum perspiciatis soluta id.	63	5
164	1	\N	\N	f	f	Quis assumenda corporis reiciendis.	32	20
165	1	\N	2018-01-21 20:14:38.261+01	t	f	Laudantium autem voluptatem repellat vel ut non.	53	19
166	1	\N	\N	f	f	Voluptatum atque qui dolorem alias possimus qui eaque quis.	62	11
203	1	\N	2018-01-24 18:59:15.834+01	t	f	Qui quis accusantium quia soluta dolore id ea.	63	24
167	1	\N	2018-01-21 20:17:03.73+01	t	f	Quas modi deserunt tempora qui et aut ea.	66	25
168	1	\N	\N	f	f	Et aut quam enim hic occaecati.	52	26
189	1	\N	2018-01-24 18:56:39.485+01	t	f	Explicabo a in distinctio ullam sed eos.	57	18
169	1	\N	2018-01-21 20:17:52.214+01	t	f	Quis rerum et dolor nobis.	53	13
170	1	\N	\N	f	f	Totam expedita libero expedita nihil eos animi placeat sed veniam.	49	29
190	1	\N	\N	f	f	Quis nihil tempora iure iusto.	60	27
171	1	\N	2018-01-21 20:18:35.938+01	t	f	Quia itaque distinctio molestiae aut quod ullam rerum maxime.	51	12
172	1	\N	\N	f	f	Sint quis reiciendis cumque voluptas dolor.	69	27
173	1	\N	2018-01-21 20:18:56.922+01	t	f	Non et sed vel.	58	5
174	1	\N	\N	f	f	Libero sit non quis quasi exercitationem molestiae at.	44	28
204	1	\N	\N	f	f	Voluptatem pariatur praesentium repellendus dolores consequatur atque autem sed.	38	6
175	1	\N	2018-01-21 20:19:17.186+01	t	f	Similique totam repellat delectus unde aspernatur sint.	31	16
176	1	\N	\N	f	f	Voluptatem atque et.	52	1
191	1	\N	2018-01-24 18:57:11.58+01	t	f	Eos error est quisquam vitae voluptas doloremque.	41	5
177	1	\N	2018-01-21 20:19:56.436+01	t	f	Quod perferendis odit quaerat.	63	8
178	1	\N	\N	f	f	Est atque qui vel laudantium.	53	22
192	1	\N	\N	f	f	Magnam ducimus quo enim explicabo et et dolor.	48	28
179	1	\N	2018-01-21 20:21:26.01+01	t	f	Voluptatibus voluptatum et quo ut doloremque eius dolores quae eligendi.	38	16
180	1	\N	\N	f	f	Exercitationem molestiae ut molestiae.	46	14
181	1	\N	2018-01-21 20:23:22.444+01	t	f	Nobis in rerum quis quo dolorum pariatur velit repellendus velit.	38	17
182	1	\N	\N	f	f	Tenetur reprehenderit culpa dolorem dolor voluptatibus aut.	38	12
183	1	\N	2018-01-21 20:23:42.463+01	t	f	Minus et omnis aut ut quas molestias.	49	8
184	1	\N	\N	f	f	Vero qui expedita nostrum neque rerum repellat omnis adipisci.	70	3
193	1	\N	2018-01-24 18:57:14.946+01	t	f	Et commodi recusandae enim deleniti voluptas iure dolor.	37	30
185	1	\N	2018-01-21 20:26:06.396+01	t	f	Itaque assumenda occaecati adipisci.	67	11
194	1	\N	\N	f	f	Quo voluptatum impedit et maiores aut aspernatur et debitis.	51	12
211	1	\N	2018-01-24 19:04:46.756+01	t	f	Aspernatur fugit reprehenderit qui quae quaerat ut dolores optio corrupti.	70	27
195	1	\N	2018-01-24 18:57:47.512+01	t	f	Accusamus dolorem aut laborum non.	33	12
196	1	\N	\N	f	f	Quo rerum illum possimus.	57	11
205	1	\N	2018-01-24 18:59:18.918+01	t	f	Ea assumenda expedita itaque debitis reprehenderit.	40	26
197	1	\N	2018-01-24 18:57:50.129+01	t	f	Ut cupiditate modi et tenetur quo illum.	52	9
198	1	\N	\N	f	f	Velit sint iure omnis expedita et natus rerum.	70	12
206	1	\N	\N	f	f	Laborum commodi in magni dolores rerum.	31	2
199	1	\N	2018-01-24 18:58:46.778+01	t	f	Corporis magni voluptas qui consequatur accusamus quis nam facere.	34	29
200	1	\N	\N	f	f	Ut placeat dolores quas accusantium asperiores totam qui amet.	44	19
201	1	\N	2018-01-24 18:58:49.704+01	t	f	Recusandae quibusdam nihil incidunt.	56	23
202	1	\N	\N	f	f	Ut voluptate non est corporis repudiandae.	35	27
212	1	\N	\N	f	f	Voluptas sequi eum neque.	38	14
207	1	\N	2018-01-24 19:02:13.006+01	t	f	Dolorem modi eveniet dolorem ut aliquam.	42	2
208	1	\N	\N	f	f	Maxime eum vel labore et temporibus consequatur.	60	16
209	1	\N	2018-01-24 19:02:15.987+01	t	f	Occaecati vel quia voluptas at.	54	7
210	1	\N	\N	f	f	Et officia voluptatem doloribus commodi.	56	10
213	1	\N	2018-01-24 19:04:49.968+01	t	f	Id voluptatem quia est ipsum accusamus quam possimus necessitatibus vero.	45	25
215	1	\N	2018-01-24 19:09:56.506+01	t	f	Nostrum voluptatem sit.	39	8
216	1	\N	\N	f	f	Dolorem eos sit enim ipsam voluptatem est suscipit praesentium.	45	28
218	1	\N	\N	f	f	Omnis vel harum.	57	20
217	1	\N	2018-01-24 19:09:59.172+01	t	f	Asperiores eum rerum cupiditate ad reiciendis aut.	56	7
220	1	\N	\N	f	f	Molestiae sed excepturi esse harum fugit nobis minima et impedit.	70	8
219	1	\N	2018-01-25 11:41:29.001+01	t	f	Recusandae temporibus ut sunt et temporibus voluptatem repellat illum necessitatibus.	52	14
222	1	\N	\N	f	f	Odio voluptatibus iusto molestiae quia voluptates officiis natus aperiam est.	46	20
221	1	\N	2018-01-25 11:41:32.268+01	t	f	Magnam quod numquam et sit quod et recusandae.	38	28
224	1	\N	\N	f	f	Aut alias porro qui eligendi facilis iste voluptatem et.	57	3
223	1	\N	2018-01-25 11:49:21.017+01	t	f	Deleniti et qui a nostrum et ea ab nam.	47	13
225	1	\N	2018-01-25 11:49:25.196+01	t	f	Ipsum excepturi consectetur qui tempore animi nostrum.	40	22
226	1	\N	\N	f	f	Corporis doloremque rerum.	70	6
278	1	\N	\N	f	f	Omnis non aliquam quidem aut laudantium odio et optio consectetur.	55	22
227	1	\N	2018-01-25 11:51:51.058+01	t	f	Molestiae quis modi ea distinctio perspiciatis.	34	4
228	1	\N	\N	f	f	Molestias occaecati fugit tenetur nesciunt maiores quasi at.	35	1
261	1	\N	2018-01-25 12:42:21.67+01	t	f	Officiis maiores fuga ipsa et omnis.	34	9
229	1	\N	2018-01-25 11:51:54.464+01	t	f	Quidem dolore atque recusandae dolorem molestiae explicabo nobis.	35	11
230	1	\N	\N	f	f	Odio aspernatur expedita.	36	8
262	1	\N	\N	f	f	Possimus deleniti dolore.	47	2
231	1	\N	2018-01-25 11:55:02.07+01	t	f	Nulla minus et.	47	26
232	1	\N	\N	f	f	Ipsa aut inventore minima.	35	21
233	1	\N	2018-01-25 11:55:02.673+01	t	f	Qui rerum ut illum omnis sint rerum dolore suscipit at.	37	4
234	1	\N	\N	f	f	Facere quibusdam aut atque quia quasi repudiandae in.	42	27
235	1	\N	2018-01-25 11:56:15.697+01	t	f	Dolorem ipsum enim.	63	3
236	1	\N	\N	f	f	Voluptatum adipisci omnis.	53	17
263	1	\N	2018-01-25 12:42:26+01	t	f	Id reprehenderit distinctio dicta voluptatem.	56	15
237	1	\N	2018-01-25 11:56:18.013+01	t	f	Aut recusandae ea laudantium eos voluptas veniam consequuntur vel.	56	29
238	1	\N	\N	f	f	Dolorem id labore sunt fugit autem esse voluptatibus animi nulla.	60	2
264	1	\N	\N	f	f	Consequatur suscipit qui non nesciunt expedita.	38	11
239	1	\N	2018-01-25 12:29:15.755+01	t	f	Aliquid autem perferendis voluptas sit.	60	22
240	1	\N	\N	f	f	Perspiciatis recusandae maiores et et facilis.	44	20
241	1	\N	2018-01-25 12:31:39.967+01	t	f	Totam possimus minima delectus non distinctio et commodi expedita.	70	10
242	1	\N	\N	f	f	Magni ad magni voluptates qui tempora sed cum natus.	32	21
243	1	\N	2018-01-25 12:31:40.366+01	t	f	Alias ut eum.	36	23
244	1	\N	\N	f	f	Assumenda quia corporis distinctio ab cum.	34	11
245	1	\N	\N	f	f	Laudantium quo et quam aut cumque enim odit.	40	17
265	1	\N	2018-01-25 12:48:07.707+01	t	f	Tempore aut doloribus quaerat.	50	3
246	1	\N	2018-01-25 12:34:20.996+01	t	f	Reprehenderit tenetur eligendi enim eum.	35	28
266	1	\N	\N	f	f	Consequatur aut accusamus.	43	26
247	1	\N	2018-01-25 12:34:21.099+01	t	f	Excepturi iure eligendi consequatur et consequatur quasi.	44	30
248	1	\N	\N	f	f	In ut quod enim sint consequatur.	64	16
249	1	\N	2018-01-25 12:38:20.194+01	t	f	Nihil commodi vero quo omnis libero.	53	13
250	1	\N	\N	f	f	Totam sed ad distinctio similique nobis excepturi.	53	17
279	1	\N	2018-01-25 12:54:36.49+01	t	f	Officia voluptatibus temporibus illum iure fugiat minima maxime officiis ea.	37	16
251	1	\N	2018-01-25 12:38:20.48+01	t	f	Sit sunt id.	60	16
252	1	\N	\N	f	f	Quis ut molestias natus maxime ducimus.	55	18
267	1	\N	2018-01-25 12:49:48.549+01	t	f	Cum excepturi ullam similique.	62	8
253	1	\N	2018-01-25 12:39:40.746+01	t	f	Incidunt totam sit.	40	24
254	1	\N	\N	f	f	Velit ut non officiis quaerat architecto.	31	22
268	1	\N	\N	f	f	Quia dolore ex qui nulla odit qui maiores autem et.	32	21
255	1	\N	2018-01-25 12:39:42.252+01	t	f	Aut veritatis quis ratione aut.	62	20
256	1	\N	\N	f	f	Sed aliquid qui cumque eligendi.	55	8
257	1	\N	2018-01-25 12:41:34.021+01	t	f	Accusantium corporis quis tempora sit.	69	11
258	1	\N	\N	f	f	Facilis omnis aut nostrum.	67	8
280	1	\N	\N	f	f	Nemo harum dolorum ut voluptatem laboriosam rerum.	63	2
259	1	\N	2018-01-25 12:41:34.681+01	t	f	Reiciendis sapiente mollitia atque et dolores quia numquam.	36	29
260	1	\N	\N	f	f	Quisquam facere illo et atque.	57	11
269	1	\N	2018-01-25 12:49:53.844+01	t	f	Animi officia similique vel dicta est nam soluta laborum.	40	30
270	1	\N	\N	f	f	Dolor tempore soluta non ullam eos pariatur.	69	15
271	1	\N	2018-01-25 12:53:22.053+01	t	f	Nihil consectetur ab odio.	45	17
272	1	\N	\N	f	f	Laborum quis adipisci aut sit provident.	59	16
273	1	\N	2018-01-25 12:53:24.724+01	t	f	Labore perferendis at molestias voluptatem eveniet quo.	55	17
274	1	\N	\N	f	f	Fuga et id qui error recusandae molestiae.	54	18
281	1	\N	2018-01-25 12:59:36.532+01	t	f	Aut fugiat at.	52	12
275	1	\N	2018-01-25 12:54:07.655+01	t	f	Velit sequi illo dignissimos animi.	31	28
276	1	\N	\N	f	f	Eos vitae accusamus eaque quis.	51	19
282	1	\N	\N	f	f	Amet reiciendis rerum delectus laudantium.	67	26
277	1	\N	2018-01-25 12:54:32.349+01	t	f	Dicta dolores voluptatibus voluptatem expedita quidem nemo eligendi odit omnis.	41	24
287	1	\N	2018-01-25 13:00:21.587+01	t	f	Perferendis quos accusamus quia iste ut sunt ut rerum vel.	60	21
283	1	\N	2018-01-25 12:59:41.44+01	t	f	In maiores ipsam et quia cupiditate.	37	9
284	1	\N	\N	f	f	Consequatur repellendus in unde.	63	11
288	1	\N	\N	f	f	Quibusdam et eos dignissimos.	58	2
285	1	\N	2018-01-25 13:00:20.375+01	t	f	Possimus nisi officia velit molestiae rem totam aperiam et iusto.	51	26
286	1	\N	\N	f	f	Earum cumque et veritatis dolores similique.	62	6
292	1	\N	\N	f	f	Dicta modi et.	51	21
289	1	\N	2018-01-25 13:00:46.505+01	t	f	Enim soluta blanditiis sint quia eveniet et.	45	15
290	1	\N	\N	f	f	Repellat magni occaecati doloribus temporibus ut maxime quas.	37	13
291	1	\N	2018-01-25 13:00:50.886+01	t	f	Hic labore reprehenderit voluptas libero cum explicabo quia.	64	25
294	1	\N	\N	f	f	Eum nesciunt dignissimos sint voluptate enim.	41	18
293	1	\N	2018-01-25 13:01:22.697+01	t	f	Itaque quidem voluptas nostrum vero dolorem est minus.	57	14
296	1	\N	\N	f	f	Placeat omnis reprehenderit alias libero.	70	24
295	1	\N	2018-01-25 13:01:22.97+01	t	f	Illum voluptas et dolores recusandae eius reiciendis et aliquam.	52	20
298	1	\N	\N	f	f	Incidunt necessitatibus tempora minima adipisci qui facilis voluptatibus voluptatum fugiat.	38	27
297	1	\N	2018-01-25 13:02:31.534+01	t	f	Et aut perspiciatis sed id.	42	20
300	1	\N	\N	f	f	Aspernatur veniam neque inventore debitis minus.	58	27
299	1	\N	2018-01-25 13:02:32.84+01	t	f	Et nisi voluptas esse sapiente.	55	30
338	1	\N	\N	f	f	Minima dignissimos sit et repudiandae harum eaque.	50	22
301	1	\N	2018-01-25 13:03:33.913+01	t	f	Repellat consectetur eum.	42	2
302	1	\N	\N	f	f	Molestiae saepe ut excepturi asperiores aut aut quidem.	54	21
303	1	\N	2018-01-25 13:04:02.587+01	t	f	Omnis aut velit aut et culpa labore.	42	19
304	1	\N	\N	f	f	Hic id possimus.	41	25
354	1	\N	\N	f	f	Voluptatem ullam impedit sit deserunt sunt et autem.	49	2
305	1	\N	2018-01-25 13:06:49.348+01	t	f	Atque optio sit fugit assumenda hic et repellendus.	69	5
306	1	\N	\N	f	f	Exercitationem dignissimos quas sed et vel.	53	26
339	1	\N	2018-01-27 11:38:21.29+01	t	f	Eligendi totam aliquid mollitia labore natus vitae.	59	28
307	1	\N	2018-01-25 13:06:54.386+01	t	f	Quis enim accusantium dolores possimus velit.	35	7
308	1	\N	\N	f	f	Suscipit dicta ducimus repellat quae eum.	49	18
340	1	\N	\N	f	f	Mollitia voluptate dolores culpa excepturi repudiandae perspiciatis dignissimos sit temporibus.	49	14
309	1	\N	2018-01-25 13:12:12.337+01	t	f	Excepturi voluptatibus nemo voluptatem dolorem sunt ut et qui.	68	26
310	1	\N	\N	f	f	At est veniam laudantium.	68	10
311	1	\N	2018-01-25 13:12:13.721+01	t	f	Consequuntur et est qui aut quam et autem eum.	51	14
312	1	\N	\N	f	f	Minima perferendis in.	62	22
313	1	\N	2018-01-25 13:12:45.842+01	t	f	Dolor necessitatibus rerum tenetur blanditiis.	50	28
314	1	\N	\N	f	f	Totam asperiores saepe quia.	50	1
341	1	\N	2018-01-27 11:39:03.661+01	t	f	Est aut vero quisquam dolore qui fuga.	58	6
315	1	\N	2018-01-25 13:12:47.396+01	t	f	Enim placeat nobis soluta qui molestias dolor dolore doloribus.	37	1
316	1	\N	\N	f	f	Facere quae et perspiciatis odio.	69	26
342	1	\N	\N	f	f	Enim est omnis.	35	16
317	1	\N	2018-01-25 13:17:11.1+01	t	f	Vitae est aliquam aliquid eaque nulla voluptatum quis.	33	26
318	1	\N	\N	f	f	Aut assumenda eum necessitatibus quisquam est sint.	48	2
319	1	\N	2018-01-25 13:19:24.558+01	t	f	Harum enim eligendi numquam quod.	51	4
320	1	\N	\N	f	f	Sit ipsa quis dolorem sint.	38	12
366	1	\N	\N	f	f	Aspernatur aut officia nobis voluptatem deserunt veritatis.	46	23
321	1	\N	2018-01-25 13:19:25.856+01	t	f	Cupiditate eligendi expedita dicta iusto.	49	20
322	1	\N	\N	f	f	Dolorem facere dolore a rerum aut.	58	21
343	1	\N	2018-01-27 11:40:41.921+01	t	f	Dolores quasi et velit similique eveniet enim harum.	63	22
323	1	\N	2018-01-26 18:17:20.89+01	t	f	Sint ipsum fugit quis corrupti.	69	9
324	1	\N	\N	f	f	Nisi ex vitae sunt.	59	27
344	1	\N	\N	f	f	Dicta vitae aut tenetur provident corporis.	69	13
325	1	\N	2018-01-26 18:17:23.969+01	t	f	Omnis deleniti placeat.	54	28
326	1	\N	\N	f	f	Ut laboriosam quas.	66	27
327	1	\N	2018-01-26 18:39:52.473+01	t	f	Cum deleniti aut impedit sit adipisci veniam sed.	53	3
328	1	\N	\N	f	f	Accusantium velit autem ullam possimus nihil perspiciatis asperiores amet dolor.	39	14
329	1	\N	2018-01-26 18:39:58.135+01	f	f	Molestias praesentium esse vel praesentium nulla.	59	27
330	1	\N	\N	f	f	Voluptate necessitatibus illo temporibus sint sit alias et voluptatum.	46	22
355	1	\N	2018-01-29 10:28:47.7+01	t	f	Beatae laboriosam consequatur ea id et natus placeat.	47	11
331	1	\N	2018-01-27 10:56:11.058+01	t	f	Fuga expedita labore aut quia dolorum illo officia amet.	39	12
332	1	\N	\N	f	f	Placeat et accusantium aut qui.	63	22
333	1	\N	\N	f	f	Cum delectus neque sed reprehenderit dignissimos reiciendis non modi.	54	22
334	1	\N	\N	f	f	Est mollitia in modi eius consectetur quas quo vero deleniti.	46	3
335	1	\N	\N	f	f	Vel repellendus autem aliquam et ut ut.	60	4
336	1	\N	\N	f	f	Rerum consequatur recusandae architecto.	56	6
345	1	\N	2018-01-27 11:40:57.119+01	t	f	Non dolorum et asperiores in cupiditate.	41	10
337	1	\N	2018-01-27 11:37:41.96+01	t	f	Vel aperiam ab est.	36	14
346	1	\N	\N	f	f	Sequi harum itaque blanditiis expedita quam sunt porro.	36	27
356	1	\N	\N	f	f	Doloribus est nesciunt suscipit tempore porro qui dolores qui odio.	49	26
347	1	\N	2018-01-27 11:42:57.924+01	t	f	Molestias rem veniam.	33	21
348	1	\N	\N	f	f	Omnis culpa et iusto tempore aut asperiores esse et et.	45	2
349	1	\N	2018-01-27 11:44:31.21+01	t	f	Blanditiis qui sit doloremque omnis ratione voluptate ullam suscipit fuga.	55	27
350	1	\N	\N	f	f	Temporibus deserunt totam sequi accusantium consectetur voluptas aliquam consequatur.	38	4
361	1	\N	2018-01-29 10:58:37.174+01	t	f	Necessitatibus et alias sequi.	44	9
351	1	\N	2018-01-27 11:44:42.539+01	t	f	Aspernatur sed est distinctio atque autem laudantium.	49	27
352	1	\N	\N	f	f	Earum aspernatur explicabo voluptatem.	66	26
357	1	\N	2018-01-29 10:36:43.889+01	t	f	Et ea consequuntur corrupti cumque perferendis consequatur est rem molestias.	35	21
353	1	\N	2018-01-29 10:15:10.665+01	t	f	Dolorem voluptate optio qui.	57	9
358	1	\N	\N	f	f	Esse eius dolorum et est nihil tempore amet laborum.	62	12
362	1	\N	\N	f	f	Et aut asperiores aut facere facere voluptatem dolorem.	32	25
359	1	\N	2018-01-29 10:57:50.309+01	t	f	Neque culpa veritatis totam dolorum asperiores libero qui.	56	9
360	1	\N	\N	f	f	Nam dignissimos dicta aliquam error et.	37	8
365	1	\N	2018-01-29 11:12:03.035+01	t	f	Dolores provident rerum velit doloribus dolorem quaerat quibusdam.	69	5
363	1	\N	2018-01-29 11:08:03.434+01	t	f	Hic iusto eum rerum dolores velit deserunt autem vel.	38	7
364	1	\N	\N	f	f	Et iure temporibus sunt sit.	64	12
368	1	\N	\N	f	f	Culpa voluptas necessitatibus.	52	8
367	1	\N	2018-01-29 12:25:29.919+01	t	f	Labore iure quia debitis soluta voluptate mollitia expedita enim at.	55	20
370	1	\N	\N	f	f	Illo eos odit facilis ullam libero.	67	3
369	1	\N	2018-01-29 12:26:13.311+01	t	f	Quia magnam ut eveniet nulla.	32	24
372	1	\N	\N	f	f	Harum fuga laudantium.	52	19
371	1	\N	2018-01-29 12:28:12.228+01	t	f	Suscipit ut est.	43	21
374	1	\N	\N	f	f	Saepe sit provident unde tenetur vero dolore.	51	11
373	1	\N	2018-01-29 12:33:38.499+01	t	f	Voluptas sed fuga.	36	25
375	1	\N	2018-01-29 12:35:32.538+01	t	f	Sed delectus voluptatem autem dolor suscipit saepe.	55	5
376	1	\N	\N	f	f	Et soluta ea inventore saepe sed.	45	19
377	1	\N	2018-01-29 12:37:09.872+01	t	f	Voluptatem ullam accusantium expedita.	34	19
\.


--
-- Name: notifications_id_seq; Type: SEQUENCE SET; Schema: public; Owner: vipfy_test_user
--

SELECT pg_catalog.setval('notifications_id_seq', 377, true);


--
-- Data for Name: plans; Type: TABLE DATA; Schema: public; Owner: vipfy_test_user
--

COPY plans (id, description, renewalplan, period, numlicences, price, currency, name, activefrom, activeuntil, promo, promovipfy, promodeveloper, promoname, changeafter, changeplan, appid) FROM stdin;
\.


--
-- Name: plans_id_seq; Type: SEQUENCE SET; Schema: public; Owner: vipfy_test_user
--

SELECT pg_catalog.setval('plans_id_seq', 1, false);


--
-- Data for Name: reviewhelpful; Type: TABLE DATA; Schema: public; Owner: vipfy_test_user
--

COPY reviewhelpful (helpfuldate, balance, comment, userid, reviewid) FROM stdin;
2018-01-21 20:04:39+01	1	\N	72	34
2018-01-21 20:08:20+01	1	\N	90	38
2018-01-21 20:11:24+01	1	\N	88	42
2018-01-21 20:14:38+01	1	\N	86	44
2018-01-21 20:17:04+01	1	\N	26	1
2018-01-21 20:17:52+01	1	\N	23	1
2018-01-21 20:18:36+01	1	\N	44	50
2018-01-21 20:18:56+01	1	\N	3	52
2018-01-21 20:19:17+01	1	\N	78	1
2018-01-21 20:19:57+01	1	\N	54	56
2018-01-21 20:21:27+01	1	\N	75	58
2018-01-21 20:23:24+01	1	\N	83	60
2018-01-21 20:23:44+01	2	\N	17	62
2018-01-21 20:26:07+01	2	\N	8	64
2018-01-24 18:56:39+01	2	\N	13	66
2018-01-24 18:56:40+01	2	\N	76	68
2018-01-24 18:57:14+01	2	\N	8	72
2018-01-24 18:57:12+01	2	\N	80	70
2018-01-24 18:57:50+01	2	\N	48	74
2018-01-24 18:57:50+01	2	\N	17	76
2018-01-24 18:58:47+01	2	\N	91	78
2018-01-24 18:58:49+01	2	\N	97	80
2018-01-24 18:59:16+01	2	\N	80	82
2018-01-24 18:59:19+01	2	\N	51	84
2018-01-24 19:02:15+01	2	\N	65	86
2018-01-24 19:02:15+01	2	\N	43	88
2018-01-24 19:04:49+01	2	\N	57	92
2018-01-24 19:09:59+01	2	\N	57	94
2018-01-24 19:09:59+01	2	\N	10	96
2018-01-25 11:41:32+01	2	\N	83	98
2018-01-25 11:41:32+01	2	\N	2	100
2018-01-25 11:49:21+01	2	\N	11	102
2018-01-25 11:49:24+01	2	\N	80	104
2018-01-25 11:51:50+01	2	\N	28	106
2018-01-25 11:51:53+01	2	\N	93	108
2018-01-25 11:55:00+01	2	\N	39	110
2018-01-25 11:55:01+01	2	\N	65	112
2018-01-25 11:56:14+01	2	\N	92	114
2018-01-25 11:56:15+01	2	\N	31	116
2018-01-25 12:30:55+01	2	\N	81	118
2018-01-25 12:31:41+01	2	\N	47	120
2018-01-25 12:31:43+01	2	\N	45	122
2018-01-25 12:34:18+01	2	\N	60	124
2018-01-25 12:34:21+01	2	\N	18	126
2018-01-25 12:38:19+01	2	\N	26	128
2018-01-25 12:38:22+01	2	\N	32	130
2018-01-25 12:39:42+01	2	\N	15	132
2018-01-25 12:39:44+01	2	\N	67	134
2018-01-25 12:41:31+01	2	\N	53	136
2018-01-25 12:41:37+01	2	\N	49	138
2018-01-25 12:42:23+01	2	\N	4	140
2018-01-25 12:42:25+01	2	\N	29	142
2018-01-25 12:48:07+01	2	\N	23	144
2018-01-25 12:49:49+01	2	\N	75	146
2018-01-25 12:49:52+01	2	\N	33	148
2018-01-25 12:53:20+01	2	\N	84	150
2018-01-25 12:53:23+01	2	\N	67	152
2018-01-25 12:54:08+01	2	\N	18	154
2018-01-25 12:54:34+01	2	\N	67	156
2018-01-25 12:54:35+01	2	\N	56	158
2018-01-25 12:59:37+01	2	\N	99	160
2018-01-25 12:59:40+01	2	\N	3	162
2018-01-25 13:00:18+01	2	\N	7	164
2018-01-25 13:00:20+01	2	\N	70	166
2018-01-25 13:00:48+01	2	\N	93	168
2018-01-25 13:00:49+01	2	\N	78	170
2018-01-25 13:01:21+01	2	\N	14	174
2018-01-25 13:01:20+01	2	\N	39	172
2018-01-25 13:02:32+01	2	\N	22	176
2018-01-25 13:02:34+01	2	\N	86	178
2018-01-25 13:03:32+01	2	\N	47	180
2018-01-25 13:04:03+01	2	\N	98	182
2018-01-25 13:04:07+01	2	\N	59	184
2018-01-25 13:06:50+01	2	\N	65	186
2018-01-25 13:06:53+01	2	\N	39	188
2018-01-25 13:12:13+01	2	\N	90	190
2018-01-25 13:12:15+01	2	\N	14	192
2018-01-25 13:12:44+01	2	\N	1	194
2018-01-25 13:17:12+01	2	\N	36	198
2018-01-25 13:19:22+01	2	\N	57	200
2018-01-25 13:19:24+01	2	\N	57	202
2018-01-26 18:17:18+01	2	\N	76	204
2018-01-26 18:17:23+01	2	\N	73	206
2018-01-26 18:39:51+01	2	\N	43	208
2018-01-26 18:39:57+01	1	\N	94	210
2018-01-27 10:48:38+01	2	\N	61	212
2018-01-27 10:48:41+01	2	\N	61	214
2018-01-27 10:53:51+01	2	\N	82	216
2018-01-27 10:53:52+01	2	\N	85	218
2018-01-27 10:54:34+01	2	\N	27	220
2018-01-27 10:54:35+01	2	\N	95	222
2018-01-27 10:55:48+01	2	\N	53	224
2018-01-27 10:55:49+01	2	\N	22	226
2018-01-27 10:56:15+01	2	\N	75	228
2018-01-27 10:56:15+01	1	\N	80	230
2018-01-27 11:32:27+01	2	\N	52	232
2018-01-27 11:32:27+01	2	\N	14	234
2018-01-27 11:36:27+01	2	\N	44	236
2018-01-27 11:36:47+01	1	\N	47	238
2018-01-27 11:37:42+01	2	\N	75	240
2018-01-27 11:38:22+01	2	\N	64	242
2018-01-27 11:39:03+01	2	\N	59	244
2018-01-27 11:40:42+01	2	\N	61	246
2018-01-27 11:40:58+01	2	\N	36	248
2018-01-27 11:42:58+01	2	\N	20	250
2018-01-27 11:44:31+01	2	\N	29	252
2018-01-27 11:44:43+01	2	\N	16	254
2018-01-29 10:15:11+01	2	\N	45	256
2018-01-29 10:28:48+01	2	\N	7	258
2018-01-29 10:36:44+01	2	\N	69	260
2018-01-29 10:57:49+01	2	\N	3	262
2018-01-29 10:58:22+01	2	\N	92	264
2018-01-29 10:58:35+01	2	\N	60	266
2018-01-29 11:08:03+01	2	\N	41	268
2018-01-29 11:12:04+01	2	\N	31	270
2018-01-29 12:25:30+01	2	\N	21	272
2018-01-29 12:26:13+01	2	\N	98	274
2018-01-29 12:28:13+01	2	\N	33	276
2018-01-29 12:35:33+01	2	\N	60	280
2018-01-29 12:37:10+01	2	\N	52	282
\.


--
-- Data for Name: reviews; Type: TABLE DATA; Schema: public; Owner: vipfy_test_user
--

COPY reviews (id, reviewdate, stars, reviewtext, userid, appid, answerto) FROM stdin;
1	2017-01-22 00:00:00+01	4	Fantastic App	1	2	\N
2	2018-01-21 18:49:47+01	4	Quos reprehenderit ut officia enim quod ut.	23	2	\N
3	2018-01-21 18:59:35+01	4	Porro quaerat qui id a est.	53	2	\N
4	2018-01-21 19:34:07+01	3	Natus voluptatum sint eveniet eligendi.	77	2	\N
5	2018-01-21 19:34:46+01	5	\N	62	2	\N
6	2018-01-21 19:35:53+01	4	Labore a eveniet est voluptas laboriosam soluta fugiat.	16	2	\N
7	2018-01-21 19:35:53+01	3	\N	85	2	\N
8	2018-01-21 19:48:11+01	4	Ab modi voluptatem praesentium et et.	13	2	\N
9	2018-01-21 19:48:11+01	4	\N	95	2	\N
10	2018-01-21 19:49:22+01	1	Est alias vel tempora quam ut.	40	2	\N
11	2018-01-21 19:49:22+01	1	\N	31	2	\N
12	2018-01-21 19:50:45+01	4	Molestiae minima labore dolor.	15	2	\N
13	2018-01-21 19:50:45+01	2	\N	30	2	\N
14	2018-01-21 19:51:49+01	1	Doloremque magni ad nihil vitae ad culpa.	43	2	\N
15	2018-01-21 19:51:49+01	1	\N	39	2	\N
16	2018-01-21 19:53:10+01	2	Amet quaerat dicta recusandae natus a necessitatibus.	22	2	\N
17	2018-01-21 19:53:10+01	3	\N	60	2	\N
18	2018-01-21 19:54:02+01	5	Deserunt cumque fugiat iusto eum quis error.	29	2	\N
19	2018-01-21 19:54:02+01	4	\N	69	2	\N
20	2018-01-21 19:55:12+01	2	Eum sed voluptatibus doloremque dolorem magni.	77	2	\N
21	2018-01-21 19:55:13+01	1	\N	91	2	\N
22	2018-01-21 19:56:46+01	5	Aut et voluptatum ut quod expedita distinctio.	67	2	\N
23	2018-01-21 19:56:46+01	4	\N	45	2	\N
24	2018-01-21 19:57:24+01	5	Fugiat voluptate doloribus molestiae ab veniam nihil earum non consequatur.	46	2	\N
25	2018-01-21 19:57:24+01	1	\N	86	2	\N
26	2018-01-21 19:58:44+01	3	Tempore ipsa enim sint rerum.	10	2	\N
27	2018-01-21 19:58:44+01	4	\N	45	2	\N
28	2018-01-21 20:00:42+01	3	\N	47	2	\N
29	2018-01-21 20:01:28+01	2	In doloribus at natus et excepturi qui.	42	2	\N
30	2018-01-21 20:01:28+01	1	\N	93	2	\N
31	2018-01-21 20:03:09+01	5	Id voluptatem aperiam perferendis vel recusandae quisquam ipsam id nam.	10	2	\N
32	2018-01-21 20:03:09+01	4	\N	1	2	\N
33	2018-01-21 20:04:39+01	2	Rerum facilis suscipit unde id quos aperiam.	29	2	\N
34	2018-01-21 20:04:39+01	1	\N	18	2	\N
35	2018-01-21 20:08:00+01	4	\N	4	2	\N
36	2018-01-21 20:08:20+01	5	Dicta consequatur cupiditate sunt quos vel.	53	2	\N
37	2018-01-21 20:08:20+01	5	Dicta consequatur cupiditate sunt quos vel.	53	2	\N
38	2018-01-21 20:08:20+01	3	\N	61	2	\N
39	2018-01-21 20:10:13+01	5	Et optio fuga ut aliquid hic doloribus iure aut facere.	39	2	\N
40	2018-01-21 20:10:14+01	4	\N	49	2	\N
41	2018-01-21 20:11:24+01	1	Qui iure aliquam ad omnis.	50	2	\N
42	2018-01-21 20:11:24+01	1	\N	38	2	\N
43	2018-01-21 20:14:38+01	2	Non consequuntur voluptas saepe a sit dolor sunt voluptates minus.	19	2	\N
44	2018-01-21 20:14:38+01	5	\N	52	2	\N
45	2018-01-21 20:17:04+01	5	Libero quibusdam consequatur voluptas et exercitationem voluptas officia rerum.	59	2	\N
46	2018-01-21 20:17:04+01	3	\N	54	2	\N
47	2018-01-21 20:17:51+01	3	Nemo officiis quo.	2	2	\N
48	2018-01-21 20:17:51+01	2	\N	64	2	\N
49	2018-01-21 20:18:36+01	4	Perspiciatis ea laudantium necessitatibus dolorem.	15	2	\N
50	2018-01-21 20:18:36+01	5	\N	56	2	\N
51	2018-01-21 20:18:56+01	5	Facilis eveniet deserunt inventore necessitatibus.	50	2	\N
52	2018-01-21 20:18:56+01	1	\N	91	2	\N
53	2018-01-21 20:19:17+01	4	Ratione qui distinctio eveniet.	10	2	\N
54	2018-01-21 20:19:17+01	2	\N	1	2	\N
55	2018-01-21 20:19:57+01	5	Amet aliquam quo.	35	2	\N
56	2018-01-21 20:19:57+01	1	\N	84	2	\N
57	2018-01-21 20:21:26+01	1	Quod eos harum minima earum enim quos itaque reiciendis.	59	2	\N
58	2018-01-21 20:21:27+01	4	\N	66	2	\N
59	2018-01-21 20:23:24+01	3	Hic sed fugit iste sint optio et et.	48	2	\N
60	2018-01-21 20:23:24+01	1	\N	23	2	\N
61	2018-01-21 20:23:44+01	3	Aut repudiandae consequatur.	30	2	\N
62	2018-01-21 20:23:44+01	5	\N	92	2	\N
63	2018-01-21 20:26:06+01	2	Dolorem accusantium amet saepe.	32	2	\N
64	2018-01-21 20:26:07+01	1	\N	50	2	\N
65	2018-01-24 18:56:36+01	5	Odit ut error quia nihil amet.	33	2	\N
66	2018-01-24 18:56:36+01	5	\N	58	2	\N
67	2018-01-24 18:56:39+01	5	Et et quam voluptas.	28	2	\N
68	2018-01-24 18:56:39+01	1	\N	87	2	\N
69	2018-01-24 18:57:12+01	2	Nostrum et totam non harum.	47	2	\N
70	2018-01-24 18:57:12+01	4	\N	85	2	\N
71	2018-01-24 18:57:14+01	2	Placeat autem sapiente ad maxime voluptate.	20	2	\N
72	2018-01-24 18:57:14+01	2	\N	55	2	\N
73	2018-01-24 18:57:47+01	2	Error aperiam facilis.	38	2	\N
74	2018-01-24 18:57:48+01	4	\N	24	2	\N
75	2018-01-24 18:57:50+01	4	Sed iusto fuga.	47	2	\N
76	2018-01-24 18:57:50+01	3	\N	82	2	\N
77	2018-01-24 18:58:46+01	2	Dolor sunt optio molestiae deserunt laborum animi eum facilis amet.	15	2	\N
78	2018-01-24 18:58:46+01	5	\N	12	2	\N
79	2018-01-24 18:58:49+01	5	Quibusdam in accusamus ipsa iste debitis quis velit.	54	2	\N
80	2018-01-24 18:58:49+01	3	\N	34	2	\N
81	2018-01-24 18:59:16+01	4	Quia rem fugiat soluta consequatur id velit consequatur necessitatibus dolorum.	9	2	\N
82	2018-01-24 18:59:16+01	4	\N	51	2	\N
83	2018-01-24 18:59:19+01	2	Aliquid consectetur qui qui voluptate architecto qui repellendus.	7	2	\N
84	2018-01-24 18:59:19+01	5	\N	71	2	\N
85	2018-01-24 19:02:12+01	3	Ut consequuntur ab.	23	2	\N
86	2018-01-24 19:02:12+01	2	\N	96	2	\N
87	2018-01-24 19:02:15+01	3	Officiis in sint sit atque.	19	2	\N
88	2018-01-24 19:02:15+01	2	\N	80	2	\N
89	2018-01-24 19:04:48+01	2	Incidunt modi mollitia natus suscipit voluptatibus sed suscipit.	33	2	\N
90	2018-01-24 19:04:48+01	1	Aspernatur voluptatem aut maxime.	16	2	\N
91	2018-01-24 19:04:49+01	5	\N	22	2	\N
92	2018-01-24 19:04:49+01	3	\N	62	2	\N
93	2018-01-24 19:09:58+01	5	Quaerat et sequi.	38	2	\N
94	2018-01-24 19:09:58+01	5	\N	21	2	\N
95	2018-01-24 19:09:59+01	1	Incidunt ipsam repellat occaecati nobis eligendi voluptate quo magnam sit.	76	2	\N
96	2018-01-24 19:09:59+01	5	\N	87	2	\N
97	2018-01-25 11:41:29+01	4	Veniam vitae deleniti iusto quia excepturi et aut.	58	2	\N
98	2018-01-25 11:41:29+01	4	\N	1	2	\N
99	2018-01-25 11:41:32+01	4	Quod enim dicta reiciendis hic voluptatem dicta porro repellendus eaque.	11	2	\N
100	2018-01-25 11:41:32+01	5	\N	38	2	\N
204	2018-01-26 18:17:17+01	2	\N	92	2	\N
101	2018-01-25 11:49:20+01	4	Itaque iusto voluptatem occaecati unde quia ex quis modi.	24	2	\N
102	2018-01-25 11:49:21+01	4	\N	36	2	\N
103	2018-01-25 11:49:23+01	1	Minus ut quos maiores a dolor unde.	52	2	\N
104	2018-01-25 11:49:24+01	5	\N	36	2	\N
105	2018-01-25 11:51:50+01	3	Quas excepturi cumque at nostrum voluptatum excepturi modi.	13	2	\N
106	2018-01-25 11:51:50+01	3	\N	91	2	\N
107	2018-01-25 11:51:53+01	1	Est labore ut.	18	2	\N
108	2018-01-25 11:51:53+01	1	\N	24	2	\N
109	2018-01-25 11:55:00+01	3	Cum pariatur quis vero et nesciunt voluptatem molestias.	17	2	\N
110	2018-01-25 11:55:00+01	2	\N	79	2	\N
111	2018-01-25 11:55:01+01	3	Eos eveniet fugit.	43	2	\N
112	2018-01-25 11:55:01+01	3	\N	42	2	\N
113	2018-01-25 11:56:14+01	5	Veniam eveniet aperiam laudantium.	24	2	\N
114	2018-01-25 11:56:14+01	4	\N	26	2	\N
115	2018-01-25 11:56:14+01	2	Sed ut nemo.	44	2	\N
116	2018-01-25 11:56:15+01	2	\N	13	2	\N
117	2018-01-25 12:30:55+01	3	Nam quis nobis natus ut corporis aspernatur aut.	74	2	\N
118	2018-01-25 12:30:55+01	5	\N	51	2	\N
119	2018-01-25 12:31:40+01	5	Qui ea dolor quasi voluptates at et.	76	2	\N
120	2018-01-25 12:31:40+01	4	\N	32	2	\N
121	2018-01-25 12:31:43+01	2	Et quia repellendus adipisci et ipsa et.	7	2	\N
122	2018-01-25 12:31:43+01	4	\N	95	2	\N
123	2018-01-25 12:34:18+01	1	Aspernatur eos atque cumque est laboriosam eaque et.	64	2	\N
124	2018-01-25 12:34:18+01	4	\N	63	2	\N
125	2018-01-25 12:34:21+01	1	Ut vitae possimus veniam et nemo beatae.	49	2	\N
126	2018-01-25 12:34:21+01	5	\N	39	2	\N
127	2018-01-25 12:38:19+01	3	Ut dicta cumque ducimus fuga facilis.	25	2	\N
128	2018-01-25 12:38:19+01	3	\N	95	2	\N
129	2018-01-25 12:38:22+01	5	Amet voluptas iure hic magnam explicabo sed.	12	2	\N
130	2018-01-25 12:38:22+01	2	\N	3	2	\N
131	2018-01-25 12:39:41+01	3	Incidunt et id et et qui rerum.	68	2	\N
132	2018-01-25 12:39:41+01	2	\N	43	2	\N
133	2018-01-25 12:39:44+01	5	Dignissimos et ab.	77	2	\N
134	2018-01-25 12:39:44+01	3	\N	42	2	\N
135	2018-01-25 12:41:31+01	1	Doloribus voluptatibus consectetur eius hic quibusdam quo sed ratione.	3	2	\N
136	2018-01-25 12:41:31+01	3	\N	36	2	\N
137	2018-01-25 12:41:37+01	4	Reprehenderit architecto ut voluptatem rerum eum recusandae.	76	2	\N
138	2018-01-25 12:41:37+01	3	\N	14	2	\N
139	2018-01-25 12:42:22+01	5	Voluptatum voluptatibus exercitationem voluptatem possimus.	16	2	\N
140	2018-01-25 12:42:22+01	5	\N	41	2	\N
141	2018-01-25 12:42:25+01	4	Velit quos numquam repudiandae beatae.	25	2	\N
142	2018-01-25 12:42:25+01	5	\N	34	2	\N
143	2018-01-25 12:48:07+01	2	Nostrum vero exercitationem.	21	2	\N
144	2018-01-25 12:48:07+01	4	\N	43	2	\N
145	2018-01-25 12:49:48+01	3	Consequatur at unde deserunt in officia temporibus.	38	2	\N
146	2018-01-25 12:49:48+01	2	\N	93	2	\N
147	2018-01-25 12:49:52+01	4	Cupiditate sunt inventore ad architecto repudiandae enim rerum.	24	2	\N
148	2018-01-25 12:49:52+01	5	\N	11	2	\N
149	2018-01-25 12:53:20+01	3	Quidem magnam rerum et ea.	43	2	\N
150	2018-01-25 12:53:20+01	1	\N	82	2	\N
151	2018-01-25 12:53:23+01	4	Quibusdam ut quia ipsam culpa modi quod.	19	2	\N
152	2018-01-25 12:53:23+01	4	\N	54	2	\N
153	2018-01-25 12:54:08+01	1	Atque est delectus libero et earum incidunt dolores rerum.	69	2	\N
154	2018-01-25 12:54:08+01	5	\N	86	2	\N
155	2018-01-25 12:54:32+01	2	Dicta rerum sint temporibus et at in.	65	2	\N
156	2018-01-25 12:54:32+01	4	\N	30	2	\N
157	2018-01-25 12:54:35+01	3	Provident quos eos quis ut est.	49	2	\N
158	2018-01-25 12:54:35+01	5	\N	90	2	\N
159	2018-01-25 12:59:37+01	4	Fugit modi occaecati unde voluptas quis.	22	2	\N
160	2018-01-25 12:59:37+01	2	\N	71	2	\N
161	2018-01-25 12:59:40+01	2	Quis expedita aut.	60	2	\N
162	2018-01-25 12:59:40+01	1	\N	86	2	\N
163	2018-01-25 13:00:17+01	4	Qui praesentium non id officia et.	15	2	\N
164	2018-01-25 13:00:17+01	1	\N	53	2	\N
165	2018-01-25 13:00:20+01	3	Qui sint sunt qui aliquam.	3	2	\N
166	2018-01-25 13:00:20+01	4	\N	25	2	\N
167	2018-01-25 13:00:46+01	1	Non quibusdam est pariatur adipisci vitae iste molestias earum consectetur.	40	2	\N
168	2018-01-25 13:00:46+01	5	\N	11	2	\N
169	2018-01-25 13:00:49+01	5	Modi aperiam necessitatibus.	26	2	\N
170	2018-01-25 13:00:49+01	3	\N	92	2	\N
171	2018-01-25 13:01:20+01	3	Similique velit ut voluptas voluptas non sequi quis.	41	2	\N
172	2018-01-25 13:01:20+01	5	\N	82	2	\N
173	2018-01-25 13:01:21+01	2	Aut perspiciatis qui.	46	2	\N
174	2018-01-25 13:01:21+01	5	\N	81	2	\N
175	2018-01-25 13:02:32+01	2	Fuga veritatis quos animi quas voluptas.	34	2	\N
176	2018-01-25 13:02:32+01	1	\N	78	2	\N
177	2018-01-25 13:02:34+01	1	Perspiciatis odit et porro.	31	2	\N
178	2018-01-25 13:02:34+01	2	\N	45	2	\N
179	2018-01-25 13:03:32+01	3	Voluptatibus velit et et.	57	2	\N
180	2018-01-25 13:03:32+01	2	\N	65	2	\N
181	2018-01-25 13:04:03+01	2	Doloribus qui velit aliquam expedita officia odit veritatis.	72	2	\N
182	2018-01-25 13:04:03+01	3	\N	48	2	\N
183	2018-01-25 13:04:07+01	1	Quasi fugit dolor et quod ut.	41	2	\N
184	2018-01-25 13:04:07+01	3	\N	67	2	\N
185	2018-01-25 13:06:49+01	4	Magni voluptatem quae sed saepe quis.	77	2	\N
186	2018-01-25 13:06:49+01	4	\N	79	2	\N
187	2018-01-25 13:06:53+01	1	Reprehenderit iure dicta aut.	66	2	\N
188	2018-01-25 13:06:53+01	5	\N	68	2	\N
189	2018-01-25 13:12:12+01	3	Omnis sit quae aperiam voluptatem dicta ut.	23	2	\N
190	2018-01-25 13:12:12+01	5	\N	9	2	\N
191	2018-01-25 13:12:15+01	5	Est delectus debitis earum.	17	2	\N
192	2018-01-25 13:12:15+01	4	\N	74	2	\N
193	2018-01-25 13:12:44+01	5	Nesciunt placeat consequatur impedit vitae.	44	2	\N
194	2018-01-25 13:12:44+01	1	\N	28	2	\N
195	2018-01-25 13:12:46+01	4	Et neque quo.	16	2	\N
196	2018-01-25 13:12:46+01	2	\N	93	2	\N
197	2018-01-25 13:17:11+01	2	Eius in quae labore assumenda iste voluptate autem natus.	54	2	\N
198	2018-01-25 13:17:12+01	1	\N	77	2	\N
199	2018-01-25 13:19:22+01	4	Qui omnis cumque quaerat harum.	21	2	\N
200	2018-01-25 13:19:22+01	4	\N	96	2	\N
201	2018-01-25 13:19:24+01	2	Tempora autem aut eaque et dolores repellat et.	36	2	\N
202	2018-01-25 13:19:24+01	4	\N	24	2	\N
203	2018-01-26 18:17:17+01	3	Cupiditate in et aut delectus voluptatibus qui et.	65	2	\N
205	2018-01-26 18:17:23+01	4	Recusandae rerum vel.	56	2	\N
206	2018-01-26 18:17:23+01	1	\N	11	2	\N
207	2018-01-26 18:39:51+01	1	At voluptates soluta.	36	2	\N
208	2018-01-26 18:39:51+01	2	\N	85	2	\N
209	2018-01-26 18:39:57+01	2	Sunt omnis molestias ipsum sit est.	50	2	\N
210	2018-01-26 18:39:57+01	1	\N	99	2	\N
211	2018-01-27 10:48:38+01	2	Sunt blanditiis sit.	63	2	\N
212	2018-01-27 10:48:38+01	3	\N	93	2	\N
213	2018-01-27 10:48:41+01	1	Deserunt vitae corrupti praesentium animi magnam quas.	7	2	\N
214	2018-01-27 10:48:41+01	4	\N	50	2	\N
215	2018-01-27 10:53:51+01	5	Quae consectetur corporis ducimus aliquam.	66	2	\N
216	2018-01-27 10:53:51+01	2	\N	70	2	\N
217	2018-01-27 10:53:52+01	3	Voluptatem illo harum quisquam repellat minima est incidunt.	30	2	\N
218	2018-01-27 10:53:52+01	5	\N	39	2	\N
219	2018-01-27 10:54:34+01	4	Rem id et aliquid necessitatibus nihil dicta.	11	2	\N
220	2018-01-27 10:54:34+01	2	\N	23	2	\N
221	2018-01-27 10:54:35+01	1	Aspernatur sit repellendus aspernatur nihil nesciunt laboriosam placeat doloremque.	12	2	\N
222	2018-01-27 10:54:35+01	2	\N	11	2	\N
223	2018-01-27 10:55:48+01	5	Dolores distinctio eum omnis ratione in.	28	2	\N
224	2018-01-27 10:55:48+01	4	\N	38	2	\N
225	2018-01-27 10:55:49+01	2	Aspernatur aut veritatis omnis accusamus quis maiores.	65	2	\N
226	2018-01-27 10:55:49+01	5	\N	88	2	\N
227	2018-01-27 10:56:11+01	4	Dolorem molestiae reprehenderit explicabo explicabo mollitia in sed.	20	2	\N
228	2018-01-27 10:56:14+01	5	\N	66	2	\N
229	2018-01-27 10:56:15+01	3	Quia dolorum voluptatem quaerat.	37	2	\N
230	2018-01-27 10:56:15+01	2	\N	71	2	\N
231	2018-01-27 11:32:27+01	3	Sint dolorem incidunt earum facere consectetur.	61	2	\N
232	2018-01-27 11:32:27+01	2	\N	92	2	\N
233	2018-01-27 11:32:27+01	2	Vel velit delectus.	14	2	\N
234	2018-01-27 11:32:27+01	5	\N	48	2	\N
235	2018-01-27 11:36:27+01	2	Iure laboriosam incidunt sunt illum libero reiciendis eum.	42	2	\N
236	2018-01-27 11:36:27+01	2	\N	69	2	\N
237	2018-01-27 11:36:47+01	1	Rerum cumque dolor delectus distinctio et nobis sed ut.	24	2	\N
238	2018-01-27 11:36:47+01	4	\N	85	2	\N
239	2018-01-27 11:37:42+01	4	Voluptatem perferendis suscipit debitis aspernatur fugit consequuntur adipisci.	58	2	\N
240	2018-01-27 11:37:42+01	1	\N	55	2	\N
241	2018-01-27 11:38:22+01	1	Et ut accusantium quia corporis.	65	2	\N
242	2018-01-27 11:38:22+01	2	\N	64	2	\N
243	2018-01-27 11:39:03+01	3	Deleniti earum est.	49	2	\N
244	2018-01-27 11:39:03+01	4	\N	55	2	\N
245	2018-01-27 11:40:41+01	1	Ex nisi aut qui neque quibusdam.	71	2	\N
246	2018-01-27 11:40:42+01	3	\N	98	2	\N
247	2018-01-27 11:40:58+01	4	Sit nemo molestiae voluptatem voluptates alias eos.	11	2	\N
248	2018-01-27 11:40:58+01	4	\N	57	2	\N
249	2018-01-27 11:42:58+01	2	Iusto sed aut ipsum eius et iusto et.	16	2	\N
250	2018-01-27 11:42:58+01	4	\N	46	2	\N
251	2018-01-27 11:44:31+01	2	Neque iusto porro sit tempora quibusdam non error.	20	2	\N
252	2018-01-27 11:44:31+01	4	\N	26	2	\N
253	2018-01-27 11:44:42+01	5	Rerum aut incidunt quod quos est quis eum rem.	9	2	\N
254	2018-01-27 11:44:42+01	5	\N	95	2	\N
255	2018-01-29 10:15:11+01	2	Aut libero expedita voluptates.	3	2	\N
256	2018-01-29 10:15:11+01	3	\N	61	2	\N
257	2018-01-29 10:28:48+01	4	Labore ratione voluptate non alias autem eum.	9	2	\N
258	2018-01-29 10:28:48+01	1	\N	81	2	\N
259	2018-01-29 10:36:44+01	1	Quod perspiciatis sapiente ut dolor architecto quas maxime fugit.	46	2	\N
260	2018-01-29 10:36:44+01	5	\N	39	2	\N
261	2018-01-29 10:57:49+01	5	Aut omnis sed.	3	2	\N
262	2018-01-29 10:57:49+01	3	\N	44	2	\N
263	2018-01-29 10:58:22+01	4	Ea et sint corrupti vel.	22	2	\N
264	2018-01-29 10:58:22+01	2	\N	30	2	\N
265	2018-01-29 10:58:35+01	1	Maxime iste voluptates sint quia.	8	2	\N
266	2018-01-29 10:58:35+01	3	\N	33	2	\N
267	2018-01-29 11:08:03+01	1	Animi quo reiciendis quis delectus et consequatur alias omnis.	41	2	\N
268	2018-01-29 11:08:03+01	5	\N	75	2	\N
269	2018-01-29 11:12:03+01	5	Sunt ipsum velit.	73	2	\N
270	2018-01-29 11:12:04+01	4	\N	48	2	\N
271	2018-01-29 12:25:30+01	2	Recusandae necessitatibus nihil delectus quod nobis sunt.	43	2	\N
272	2018-01-29 12:25:30+01	4	\N	77	2	\N
273	2018-01-29 12:26:13+01	2	Eveniet voluptas sunt neque dolore veritatis sed recusandae rerum vitae.	19	2	\N
274	2018-01-29 12:26:13+01	4	\N	40	2	\N
275	2018-01-29 12:28:13+01	1	Excepturi impedit ipsam et neque officia aut.	31	2	\N
276	2018-01-29 12:28:13+01	1	\N	90	2	\N
277	2018-01-29 12:33:39+01	1	Hic in voluptatibus dolorem autem quaerat nihil sit.	18	2	\N
278	2018-01-29 12:33:39+01	2	\N	21	2	\N
279	2018-01-29 12:35:33+01	2	Ullam labore quis illum quia pariatur.	26	2	\N
280	2018-01-29 12:35:33+01	2	\N	23	2	\N
281	2018-01-29 12:37:10+01	5	Beatae exercitationem sit ut quia recusandae nulla officia quisquam autem.	30	2	\N
282	2018-01-29 12:37:10+01	1	\N	73	2	\N
\.


--
-- Name: reviews_id_seq; Type: SEQUENCE SET; Schema: public; Owner: vipfy_test_user
--

SELECT pg_catalog.setval('reviews_id_seq', 282, true);


--
-- Data for Name: speaks; Type: TABLE DATA; Schema: public; Owner: vipfy_test_user
--

COPY speaks (language, preferred, userid) FROM stdin;
\.


--
-- Data for Name: usedcompanyplans; Type: TABLE DATA; Schema: public; Owner: user
--

COPY usedcompanyplans (userid, appid, planid, companyid, planbought, key, usedfrom, usedto) FROM stdin;
\.


--
-- Data for Name: userbills; Type: TABLE DATA; Schema: public; Owner: vipfy_test_user
--

COPY userbills (date, billpos, textpos, price, currency, orgcurrency, exchangerate, userid, planid) FROM stdin;
\.


--
-- Data for Name: userrights; Type: TABLE DATA; Schema: public; Owner: vipfy_test_user
--

COPY userrights (userright, userid, companyid, departmentid) FROM stdin;
\.


--
-- Data for Name: users; Type: TABLE DATA; Schema: public; Owner: vipfy_test_user
--

COPY users (id, firstname, middlename, lastname, "position", email, password, title, sex, userstatus, birthday, recoveryemail, mobilenumber, telefonnumber, addresscountry, addressstate, addresscity, addressstreet, addressnumber, profilepicture, lastactive, lastsecret, riskvalue, newsletter, referall, cobranded, resetoption, "createdAt", "updatedAt") FROM stdin;
3	\N	\N	\N	\N	Isaiah.Stiedemann79@hotmail.com	$WlRGg5S8XsqC2/dwGT0fHOx5Ne23sYWusLuMkhslaZ3WYF3lt3Cm2	\N	\N	toverify	\N	\N	\N	\N	\N	\N	\N	\N	\N	\N	\N	\N	\N	f	0	0	0	2018-01-20 16:41:01+01	2018-01-20 16:41:01+01
4	\N	\N	\N	\N	Dudley69@yahoo.com	Cxljl9MfKikwLXfqMGOHu5nDK.TK5YjhmG1rxO3aw2EoJaaJ2x3G	\N	\N	toverify	\N	\N	\N	\N	\N	\N	\N	\N	\N	\N	\N	\N	\N	f	0	0	0	2018-01-20 16:42:04+01	2018-01-20 16:42:04+01
5	\N	\N	\N	\N	Keven.Bergstrom@yahoo.com	$05$gfmfXW2f3c2hq.9udVrpM.MAzQRS2NCHsHY1FUzAYN5HOd2LWQO0W	\N	\N	toverify	\N	\N	\N	\N	\N	\N	\N	\N	\N	\N	\N	\N	\N	f	0	0	0	2018-01-20 16:48:35+01	2018-01-20 16:48:35+01
6	\N	\N	\N	\N	Melisa.Terry79@gmail.com	$05$GDEQZwKzvJQ4Qk.zJmo7cO5Jlm5gUWmKzRwzELoUjb1BVsjRlKeVq	\N	\N	toverify	\N	\N	\N	\N	\N	\N	\N	\N	\N	\N	\N	\N	\N	f	0	0	0	2018-01-20 16:50:17+01	2018-01-20 16:50:17+01
7	\N	\N	\N	\N	Reva.Turner84@gmail.com	$TNzo0wz82YpFDjAbfkoBcuO6MUuTCUKALQSlKne.6ybrUAyPOMqVe	\N	\N	toverify	\N	\N	\N	\N	\N	\N	\N	\N	\N	\N	\N	\N	\N	f	0	0	0	2018-01-20 16:53:24+01	2018-01-20 16:53:24+01
8	\N	\N	\N	\N	Adah.Gusikowski30@hotmail.com	0zrRSTVMgz0ICR2HR21EeleWrBNHPSJCXtayhWAm7foT9UeVIV5e	\N	\N	toverify	\N	\N	\N	\N	\N	\N	\N	\N	\N	\N	\N	\N	\N	f	0	0	0	2018-01-20 16:54:42+01	2018-01-20 16:54:42+01
9	\N	\N	\N	\N	Nina81@yahoo.com	05$IFIectD6dMXJvfGLHV5MIufummgF3I26523k5DEAS/erZ3e2Aiege	\N	\N	toverify	\N	\N	\N	\N	\N	\N	\N	\N	\N	\N	\N	\N	\N	f	0	0	0	2018-01-20 17:05:38+01	2018-01-20 17:05:38+01
10	\N	\N	\N	\N	Earlene56@gmail.com	G9HJHdWOnctP3O2/SaK3utzfJY4CDEZHsSFQIyPlU7czTPUJtYU2	\N	\N	toverify	\N	\N	\N	\N	\N	\N	\N	\N	\N	\N	\N	\N	\N	f	0	0	0	2018-01-20 17:06:25+01	2018-01-20 17:06:25+01
11	\N	\N	\N	\N	Dakota_Greenholt@yahoo.com	ClR22NairnAMneUPYrd7n.zXKJmPA5irqX8FfZpxgZqx9vJxyxFdu	\N	\N	toverify	\N	\N	\N	\N	\N	\N	\N	\N	\N	\N	\N	\N	\N	f	0	0	0	2018-01-20 17:08:18+01	2018-01-20 17:08:18+01
12	\N	\N	\N	\N	Connie.Wunsch@gmail.com	05$5L65TMu1xlME49pdqGMn4.KZlpTGK1pqSQswD2wgJkDqlxVsDMU8C	\N	\N	toverify	\N	\N	\N	\N	\N	\N	\N	\N	\N	\N	\N	\N	\N	f	0	0	0	2018-01-20 17:10:29+01	2018-01-20 17:10:29+01
13	\N	\N	\N	\N	Declan.Romaguera66@yahoo.com	imxOE6M3dsSYyJn2KqiN.5ULHUmMjOSxLHcSS/SvjXcu1zo2gx2i	\N	\N	toverify	\N	\N	\N	\N	\N	\N	\N	\N	\N	\N	\N	\N	\N	f	0	0	0	2018-01-20 17:13:58+01	2018-01-20 17:13:58+01
14	\N	\N	\N	\N	Marisol_Feest69@yahoo.com	p9OkZAHVHUYFZUjghHVyxO53qs7SBxBgcRjAhsoweyh8JQ2Hha.Qi	\N	\N	toverify	\N	\N	\N	\N	\N	\N	\N	\N	\N	\N	\N	\N	\N	f	0	0	0	2018-01-20 17:21:05+01	2018-01-20 17:21:05+01
15	\N	\N	\N	\N	Orin_Cruickshank@hotmail.com	$ZxpaVvGwns6BTAM00345eu7kV7CbtHdB5SMIFpEKBAngeizSD03J6	\N	\N	toverify	\N	\N	\N	\N	\N	\N	\N	\N	\N	\N	\N	\N	\N	f	0	0	0	2018-01-20 17:28:01+01	2018-01-20 17:28:01+01
2	\N	\N	\N	\N	newtestuser@vipfy.com	$2a$12$mRZSx/CBqIg.IKRbEkrCP.wLs18qhVk9yFZLfcDA3GK9sudU719uW	\N	\N	normal	\N	\N	\N	\N	\N	\N	\N	\N	\N	\N	\N	\N	\N	f	0	0	0	2018-01-20 16:22:05+01	2018-01-20 16:22:05+01
16	\N	\N	\N	\N	Maribel_Schaefer@yahoo.com	b02e8tFyUzIM2Y1n71I/eawfq9scnwJf71Ygd1TBOkJeZwmplLRe	\N	\N	toverify	\N	\N	\N	\N	\N	\N	\N	\N	\N	\N	\N	\N	\N	f	0	0	0	2018-01-20 17:32:21+01	2018-01-20 17:32:21+01
18	\N	\N	\N	\N	Arnold.Weissnat@gmail.com	$RkaEEoSZy7J.E2ehcnk5E.LU0cc2TBoocqG0QThn2SJXmDuKyRQni	\N	\N	toverify	\N	\N	\N	\N	\N	\N	\N	\N	\N	\N	\N	\N	\N	f	0	0	0	2018-01-20 17:38:18+01	2018-01-20 17:38:18+01
19	\N	\N	\N	\N	Donavon_Rodriguez@gmail.com	$Aq3RsXLmpW2gN9aVGREbhORWJxIVssmkCrrTpjNtzECeaqXcPxqiy	\N	\N	toverify	\N	\N	\N	\N	\N	\N	\N	\N	\N	\N	\N	\N	\N	f	0	0	0	2018-01-20 17:39:47+01	2018-01-20 17:39:47+01
20	\N	\N	\N	\N	Justina.Emmerich@yahoo.com	pbPr4FEUQ358prSO5A3XewEAUsjfgOvB3Iu2EzuaRjJizQCuG.FG	\N	\N	toverify	\N	\N	\N	\N	\N	\N	\N	\N	\N	\N	\N	\N	\N	f	0	0	0	2018-01-20 17:39:58+01	2018-01-20 17:39:58+01
21	\N	\N	\N	\N	Korbin_Deckow37@hotmail.com	0gFuqG02jsWTe5j.mdT8.IcRFKNRxarS6HV/kIl6ONrqi4aBHOYO	\N	\N	toverify	\N	\N	\N	\N	\N	\N	\N	\N	\N	\N	\N	\N	\N	f	0	0	0	2018-01-20 17:41:41+01	2018-01-20 17:41:41+01
22	\N	\N	\N	\N	Christa_Lakin79@hotmail.com	g64e8.lNI7PH24NRtob77ud1Cakch067A1VRLBrF0Ys7w8ChYQnKC	\N	\N	toverify	\N	\N	\N	\N	\N	\N	\N	\N	\N	\N	\N	\N	\N	f	0	0	0	2018-01-20 17:42:36+01	2018-01-20 17:42:36+01
23	\N	\N	\N	\N	Dejuan24@gmail.com	05$gxXPZKNrJQFGSlShWt6Z7O1EN7vppHtUOUCOFFCtxVaAzvGikTEj2	\N	\N	toverify	\N	\N	\N	\N	\N	\N	\N	\N	\N	\N	\N	\N	\N	f	0	0	0	2018-01-20 17:43:48+01	2018-01-20 17:43:48+01
24	\N	\N	\N	\N	Chris50@hotmail.com	5$tpHkJBwibkamixZUr20LU.cQdVJkhN.nebWjWnI956JH4wnG6eR.2	\N	\N	toverify	\N	\N	\N	\N	\N	\N	\N	\N	\N	\N	\N	\N	\N	f	0	0	0	2018-01-20 17:45:08+01	2018-01-20 17:45:08+01
25	\N	\N	\N	\N	Taya_McDermott98@gmail.com	j7A4J4QaOCGDcj2NBAa/5OHY.T26aApT84gso5i29SUmvS4wlRTje	\N	\N	toverify	\N	\N	\N	\N	\N	\N	\N	\N	\N	\N	\N	\N	\N	f	0	0	0	2018-01-20 17:47:52+01	2018-01-20 17:47:52+01
26	\N	\N	\N	\N	Chet96@hotmail.com	5$RvsOTrfmy2vvR2Hg0iobgutDNCj8PMFmKHP.MRbjX6HUMrwo6.2LO	\N	\N	toverify	\N	\N	\N	\N	\N	\N	\N	\N	\N	\N	\N	\N	\N	f	0	0	0	2018-01-20 17:51:02+01	2018-01-20 17:51:02+01
27	\N	\N	\N	\N	Kattie_Wyman30@hotmail.com	jgnCZnpACzKfa7GWyuU2jOtzxmrin10Sp.7YMkiyoNYWwyesf60v.	\N	\N	toverify	\N	\N	\N	\N	\N	\N	\N	\N	\N	\N	\N	\N	\N	f	0	0	0	2018-01-20 17:51:24+01	2018-01-20 17:51:24+01
17	\N	\N	\N	\N	Beth_Kunde24@gmail.com	$2a$12$11v8Ip4BOOsR5dd832jnkuocJC4iv5I5Bl9e1PwM9K0lFHnG7W07K	\N	\N	normal	\N	\N	\N	\N	\N	\N	\N	\N	\N	\N	\N	\N	\N	f	0	0	0	2018-01-20 17:34:55+01	2018-01-20 17:34:55+01
28	\N	\N	\N	\N	Micaela29@hotmail.com	05$Emao.B3SXvqaHFyZb6aRgOjN.NbClS7.LJcfFYISqNnfauRbstoU.	\N	\N	toverify	\N	\N	\N	\N	\N	\N	\N	\N	\N	\N	\N	\N	\N	f	0	0	0	2018-01-20 17:54:26+01	2018-01-20 17:54:26+01
29	\N	\N	\N	\N	Veronica5@yahoo.com	21Cy830fTS5WUIS3W2sSOH8MN1C2YbNQWNMuhiHrX7/LTtImUPoa	\N	\N	toverify	\N	\N	\N	\N	\N	\N	\N	\N	\N	\N	\N	\N	\N	f	0	0	0	2018-01-20 17:56:57+01	2018-01-20 17:56:57+01
30	\N	\N	\N	\N	Raoul20@gmail.com	IKFhA2UsLws0nKSWIWAfuRY0THzApRHvYisABGxYQ9hnIqtEMpJm	\N	\N	toverify	\N	\N	\N	\N	\N	\N	\N	\N	\N	\N	\N	\N	\N	f	0	0	0	2018-01-20 18:02:58+01	2018-01-20 18:02:58+01
31	\N	\N	\N	\N	Jessyca29@hotmail.com	$05$7I68UPrz5KkG1ZlS.FAaz.hl1xsLEl7PnaDDSAp4OceOsuSoX9WZ2	\N	\N	toverify	\N	\N	\N	\N	\N	\N	\N	\N	\N	\N	\N	\N	\N	f	0	0	0	2018-01-20 18:04:59+01	2018-01-20 18:04:59+01
32	\N	\N	\N	\N	Beth_Cormier@yahoo.com	$Jex4nY3ybO88Ns4JupE2ae50i4DaSpqN7BehekNgu3gEhFklPR.HO	\N	\N	toverify	\N	\N	\N	\N	\N	\N	\N	\N	\N	\N	\N	\N	\N	f	0	0	0	2018-01-20 18:07:35+01	2018-01-20 18:07:35+01
33	\N	\N	\N	\N	Paula58@hotmail.com	499609wtYnwze9OaURteu2TKR0NY.EaG1aRXSMCEdbw9VYuQMpJK	\N	\N	toverify	\N	\N	\N	\N	\N	\N	\N	\N	\N	\N	\N	\N	\N	f	0	0	0	2018-01-20 18:11:21+01	2018-01-20 18:11:21+01
34	\N	\N	\N	\N	Louisa.Fisher@gmail.com	5$b3FBwdEZ82SO9bMNtH5nlOmHr7Xjf8kKrE04WHzrY.JZRP9RfYwHm	\N	\N	toverify	\N	\N	\N	\N	\N	\N	\N	\N	\N	\N	\N	\N	\N	f	0	0	0	2018-01-20 18:12:16+01	2018-01-20 18:12:16+01
35	\N	\N	\N	\N	Edythe.Moen40@hotmail.com	5$MFdtH5VJAYjI42EOjNkFUu7hPe7V6fYA26dCBR93nFdZekkrNf7tK	\N	\N	toverify	\N	\N	\N	\N	\N	\N	\N	\N	\N	\N	\N	\N	\N	f	0	0	0	2018-01-20 18:12:56+01	2018-01-20 18:12:56+01
36	\N	\N	\N	\N	safasf@safasf.dd	$2KOy7fg4YuB/i1ehR0I.NOWLyij.JiruDxPLMSXfXueUW4JL0YAue	\N	\N	toverify	\N	\N	\N	\N	\N	\N	\N	\N	\N	\N	\N	\N	\N	f	0	0	0	2018-01-20 18:19:01+01	2018-01-20 18:19:01+01
37	\N	\N	\N	\N	testuser23@vipfy.com	$05$e2wpYJ1p8k6538wSPG3gluyy6NC4rj7TEFlXrXG5/8dXGGzyjELS.	\N	\N	toverify	\N	\N	\N	\N	\N	\N	\N	\N	\N	\N	\N	\N	\N	f	0	0	0	2018-01-20 18:21:00+01	2018-01-20 18:21:00+01
38	\N	\N	\N	\N	Morris_Swaniawski@gmail.com	bftaQjfjTHOkmwbF2aq42OQonhdzFOSqwWoNB6xHfkKPoENSqIXoy	\N	\N	toverify	\N	\N	\N	\N	\N	\N	\N	\N	\N	\N	\N	\N	\N	f	0	0	0	2018-01-20 18:22:49+01	2018-01-20 18:22:49+01
39	\N	\N	\N	\N	Linwood21@gmail.com	$05$r32SQD97J3QEtIJVj1bfsegFFhCeHrF.wsPJ.2nlbaEX9iYs31oly	\N	\N	toverify	\N	\N	\N	\N	\N	\N	\N	\N	\N	\N	\N	\N	\N	t	0	0	0	2018-01-20 18:25:45+01	2018-01-20 18:25:45+01
40	\N	\N	\N	\N	Eugenia_Schultz38@gmail.com	$05$YnKialEIdUZBPkRJ42C1B.fBdVAkkKOcO.Jbr4OtmA7p1ybOWH5Bu	\N	\N	toverify	\N	\N	\N	\N	\N	\N	\N	\N	\N	\N	\N	\N	\N	t	0	0	0	2018-01-20 18:26:16+01	2018-01-20 18:26:16+01
41	\N	\N	\N	\N	Forrest_Kuhn@yahoo.com	5$9X26Gfgf1OgDw44Yif2bJOYpx6ou2OG0OkdG4xXCYdQJUomcWVcgG	\N	\N	toverify	\N	\N	\N	\N	\N	\N	\N	\N	\N	\N	\N	\N	\N	f	0	0	0	2018-01-20 18:31:37+01	2018-01-20 18:31:37+01
42	\N	\N	\N	\N	Savanah.Upton9@gmail.com	$05$zlLebybByiz9oXoDCOISMuXq6Mo8gZZkISCQPHZHdFmfyrhhavAoK	\N	\N	toverify	\N	\N	\N	\N	\N	\N	\N	\N	\N	\N	\N	\N	\N	f	0	0	0	2018-01-20 18:47:04+01	2018-01-20 18:47:04+01
43	\N	\N	\N	\N	Cyril_Bruen97@yahoo.com	khfWvFBUNli7AXDaL47Jhe4.2MLDOwz0n2CeBGO3JfehrO65.4wnO	\N	\N	toverify	\N	\N	\N	\N	\N	\N	\N	\N	\N	\N	\N	\N	\N	t	0	0	0	2018-01-20 18:48:22+01	2018-01-20 18:48:22+01
44	\N	\N	\N	\N	Alejandrin77@gmail.com	$05$l2DB3Ws2iGZ2w0KO.flSnOyAGlLJHFpWexO8c0rjLcARehgYHPRBG	\N	\N	toverify	\N	\N	\N	\N	\N	\N	\N	\N	\N	\N	\N	\N	\N	t	0	0	0	2018-01-20 18:49:11+01	2018-01-20 18:49:11+01
46	\N	\N	\N	\N	Delmer58@gmail.com	$KZ2MdtrJANCrgb8Bj0CffOMKv9x7H5r/fi3RukwUaGf0ikUDPiXSu	\N	\N	toverify	\N	\N	\N	\N	\N	\N	\N	\N	\N	\N	\N	\N	\N	f	0	0	0	2018-01-20 18:59:13+01	2018-01-20 18:59:13+01
47	\N	\N	\N	\N	Kayden.Ankunding@gmail.com	$2x5rT287CTDY0xsHve862.e7Hvv.EtoHYV8cWQqbPia6o7fOcB0bK	\N	\N	toverify	\N	\N	\N	\N	\N	\N	\N	\N	\N	\N	\N	\N	\N	t	0	0	0	2018-01-20 18:59:58+01	2018-01-20 18:59:58+01
48	\N	\N	\N	\N	Alexandrine_Gleichner@yahoo.com	05$bFtlcj9N9ebDnif3ZdQ4OOHo7Hn7l5GasgQ2SL5C0GOlJgTQFYARe	\N	\N	toverify	\N	\N	\N	\N	\N	\N	\N	\N	\N	\N	\N	\N	\N	f	0	0	0	2018-01-20 19:00:26+01	2018-01-20 19:00:26+01
49	\N	\N	\N	\N	Anika.Howell@hotmail.com	5$T8cty60eLk18EM7qBjU2Met4WLV6DkhsstE3VWvG9GhuX2CFp6ecW	\N	\N	toverify	\N	\N	\N	\N	\N	\N	\N	\N	\N	\N	\N	\N	\N	t	0	0	0	2018-01-20 19:01:10+01	2018-01-20 19:01:10+01
50	\N	\N	\N	\N	Julio.Heller89@yahoo.com	$05$Lz4p2VuWKCZsDAabwh7AxuwXVfWmOdefpspB2GBCDuaG41iR08Xuu	\N	\N	toverify	\N	\N	\N	\N	\N	\N	\N	\N	\N	\N	\N	\N	\N	f	0	0	0	2018-01-20 19:02:59+01	2018-01-20 19:02:59+01
45	\N	\N	\N	\N	Lauryn_Reilly@gmail.com		\N	\N	toverify	\N	\N	\N	\N	\N	\N	\N	\N	\N	\N	\N	\N	\N	t	0	0	0	2018-01-20 18:54:48+01	2018-01-20 18:54:48+01
51	\N	\N	\N	\N	Magdalena_Hammes@hotmail.com	PsBEJlB.3WSHHBQlrBGAe4EENjFXKyYUMNrX8yvcECQoL.3qX5qi	\N	\N	toverify	\N	\N	\N	\N	\N	\N	\N	\N	\N	\N	\N	\N	\N	t	0	0	0	2018-01-21 13:02:10+01	2018-01-21 13:02:10+01
52	\N	\N	\N	\N	Vincenza_Hauck58@yahoo.com	5$D43C.pei8fw2u0HoMUv.1.jhVGH77Jc5GCTmq4t6Uq6YMFv7KpZXq	\N	\N	toverify	\N	\N	\N	\N	\N	\N	\N	\N	\N	\N	\N	\N	\N	t	0	0	0	2018-01-21 13:05:28+01	2018-01-21 13:05:28+01
53	\N	\N	\N	\N	Royce_Quigley63@gmail.com	$05$5uQLC56ZPwc8pz6VanHyf.it85HLplxlMgqcUOBFiDwE.1pxYGJcC	\N	\N	toverify	\N	\N	\N	\N	\N	\N	\N	\N	\N	\N	\N	\N	\N	f	0	0	0	2018-01-21 13:16:01+01	2018-01-21 13:16:01+01
54	\N	\N	\N	\N	Sylvan.Schulist@hotmail.com	5$cXswIlqkJfMXWYMxamCkfeB10I0eDN1KwuF023V1BTT6f98wpmORi	\N	\N	toverify	\N	\N	\N	\N	\N	\N	\N	\N	\N	\N	\N	\N	\N	f	0	0	0	2018-01-21 13:20:56+01	2018-01-21 13:20:56+01
55	\N	\N	\N	\N	Delbert47@hotmail.com	05$f7Z5JeqHIXIwYIFbeoAtSeFp5ROAJpzWNCwQlvsxM2Cq.5F6b6tyi	\N	\N	toverify	\N	\N	\N	\N	\N	\N	\N	\N	\N	\N	\N	\N	\N	t	0	0	0	2018-01-21 13:24:03+01	2018-01-21 13:24:03+01
56	\N	\N	\N	\N	Dorian14@yahoo.com	2DviACig8mePVSM0NwTbpuIVwRcgmEb12ixozCLUVeXOSDDMCr4JS	\N	\N	toverify	\N	\N	\N	\N	\N	\N	\N	\N	\N	\N	\N	\N	\N	t	0	0	0	2018-01-21 13:27:22+01	2018-01-21 13:27:22+01
57	\N	\N	\N	\N	Jean34@hotmail.com	5$O3gmM0TnsnlQtfs9jbwHt.XyHn8w2z.uy2OfZS2.9TfzziNzT95Fa	\N	\N	toverify	\N	\N	\N	\N	\N	\N	\N	\N	\N	\N	\N	\N	\N	t	0	0	0	2018-01-21 13:29:44+01	2018-01-21 13:29:44+01
58	\N	\N	\N	\N	Krystal_Mayert75@gmail.com	05$pZaoRV4T7KGBkGI9aF6CheAdAO21xas0fgVAUFsbXUiiv8vutUCYW	\N	\N	toverify	\N	\N	\N	\N	\N	\N	\N	\N	\N	\N	\N	\N	\N	t	0	0	0	2018-01-21 13:32:27+01	2018-01-21 13:32:27+01
59	\N	\N	\N	\N	Freddie_Aufderhar55@yahoo.com	qemXy5rDoB9tFh2m9U0pO9wyDry5FynFf5l8KJJuU4pAthfOJl4W	\N	\N	toverify	\N	\N	\N	\N	\N	\N	\N	\N	\N	\N	\N	\N	\N	f	0	0	0	2018-01-21 13:35:22+01	2018-01-21 13:35:22+01
60	\N	\N	\N	\N	Mathias_Nienow4@hotmail.com	bAPiVbE2NTPCk5YILi.YuJWTNc16ftOvQ60EY7Cj8WtWFiYlC6sC	\N	\N	toverify	\N	\N	\N	\N	\N	\N	\N	\N	\N	\N	\N	\N	\N	f	0	0	0	2018-01-21 13:38:04+01	2018-01-21 13:38:04+01
61	\N	\N	\N	\N	Deontae41@yahoo.com	$r8ZudOFo3Zp4WDsi8KMamuJS2wunbXYw5mDv6VfgB0xhH4NCFpFTO	\N	\N	toverify	\N	\N	\N	\N	\N	\N	\N	\N	\N	\N	\N	\N	\N	t	0	0	0	2018-01-21 13:38:36+01	2018-01-21 13:38:36+01
63	\N	\N	\N	\N	Christa.Abshire@yahoo.com	5$cj2QUOwTmxQG4K3RThHjUOs5aV.eveZ0OFBZGhuN4y46hOGy54nbi	\N	\N	toverify	\N	\N	\N	\N	\N	\N	\N	\N	\N	\N	\N	\N	\N	t	0	0	0	2018-01-21 13:52:02+01	2018-01-21 13:52:02+01
64	\N	\N	\N	\N	Akeem_Mitchell@yahoo.com	05$T8iKRBFgyDR7LbVHITFYR.5vQMXCq9WHuoStYz8E.6hpgpDtW2GeK	\N	\N	toverify	\N	\N	\N	\N	\N	\N	\N	\N	\N	\N	\N	\N	\N	f	0	0	0	2018-01-21 13:56:23+01	2018-01-21 13:56:23+01
65	\N	\N	\N	\N	Abigale5@hotmail.com	GDZcqBAsYsZ77uqGR.LV.4oaiVsllQKyuDX9FX.zO3.AUm.kQgQC	\N	\N	toverify	\N	\N	\N	\N	\N	\N	\N	\N	\N	\N	\N	\N	\N	f	0	0	0	2018-01-21 13:57:32+01	2018-01-21 13:57:32+01
66	\N	\N	\N	\N	Albert_Jakubowski95@yahoo.com	.4arMVFI8bl2rL7RAotDOAAud2Ca4ZLy5HCnqnuz4.r8C0CbJEVW	\N	\N	toverify	\N	\N	\N	\N	\N	\N	\N	\N	\N	\N	\N	\N	\N	f	0	0	0	2018-01-21 13:58:27+01	2018-01-21 13:58:27+01
67	\N	\N	\N	\N	Liliana0@gmail.com	05$EQHuFCyqYFW49MNbuWHm.eGXTIdmdPv3Pu35RPsVPtEBajDjdrIra	\N	\N	toverify	\N	\N	\N	\N	\N	\N	\N	\N	\N	\N	\N	\N	\N	f	0	0	0	2018-01-21 14:29:21+01	2018-01-21 14:29:21+01
68	\N	\N	\N	\N	Jaquan0@gmail.com	eLiR.rlUfQKLQRRHS2kpOtDWkBPZxv/30S9eppbbcxqw6MADAhoa	\N	\N	toverify	\N	\N	\N	\N	\N	\N	\N	\N	\N	\N	\N	\N	\N	f	0	0	0	2018-01-21 14:46:36+01	2018-01-21 14:46:36+01
69	\N	\N	\N	\N	Vallie_Terry31@gmail.com	$2a$12$86eRMAh5I968nO/mpgvGTuHdXqOgRvKojKh6QM7no4C03j92tRuyO	\N	\N	normal	\N	\N	\N	\N	\N	\N	\N	\N	\N	\N	\N	\N	\N	f	0	0	0	2018-01-21 14:49:14+01	2018-01-21 14:49:14+01
70	\N	\N	\N	\N	Patrick12@yahoo.com	$2a$12$Tp2lv8zWY9mCI0ZkiO4L4eHVNdziY/Z3iFTKqSTW/tewfwkC5OKCa	\N	\N	normal	\N	\N	\N	\N	\N	\N	\N	\N	\N	\N	\N	\N	\N	f	0	0	0	2018-01-21 14:50:05+01	2018-01-21 14:50:05+01
71	\N	\N	\N	\N	Fay_Hessel@gmail.com	$2a$12$a/mReRutf3ZVSNevQF0cvOVuwEc18nwEjLOrpz6RQZbHfjqLtwRMC	\N	\N	normal	\N	\N	\N	\N	\N	\N	\N	\N	\N	\N	\N	\N	\N	f	0	0	0	2018-01-21 14:53:20+01	2018-01-21 14:53:20+01
72	\N	\N	\N	\N	Bell.Schmitt27@gmail.com	$2a$12$FhE8g.Jf0WhiHpUFxklsp.qaBxaARIIxBcIFXfLa4xvPnSchMXj9.	\N	\N	normal	\N	\N	\N	\N	\N	\N	\N	\N	\N	\N	\N	\N	\N	f	0	0	0	2018-01-21 14:58:39+01	2018-01-21 14:58:39+01
73	\N	\N	\N	\N	Eldridge.Hahn@hotmail.com	tpcmNdiXuCaENQ0DJvy9HuEmPE.zbWE6rD.mozOZyAu4A6pzBu97W	\N	\N	toverify	\N	\N	\N	\N	\N	\N	\N	\N	\N	\N	\N	\N	\N	f	0	0	0	2018-01-21 14:59:24+01	2018-01-21 14:59:24+01
74	\N	\N	\N	\N	Stevie74@hotmail.com	$AK8mR.aMEH2LTKa5qRQ42uMcWnbdmmWqHVze3WadksJf.THlS14Ta	\N	\N	toverify	\N	\N	\N	\N	\N	\N	\N	\N	\N	\N	\N	\N	\N	f	0	0	0	2018-01-21 14:59:34+01	2018-01-21 14:59:34+01
75	\N	\N	\N	\N	Ali.Armstrong79@yahoo.com	$2a$12$1aPskK83016OQ7ZS.2/vpuPNQhSRsFcLmUjR92PGdD3JWzL2JXm5W	\N	\N	normal	\N	\N	\N	\N	\N	\N	\N	\N	\N	\N	\N	\N	\N	f	0	0	0	2018-01-21 14:59:48+01	2018-01-21 14:59:48+01
76	\N	\N	\N	\N	Sister21@yahoo.com	3NcCbNsHJMSSxH1IOIKQf.ujWML26JjyX.o8J7jtbIRZR.NrYDfYm	\N	\N	toverify	\N	\N	\N	\N	\N	\N	\N	\N	\N	\N	\N	\N	\N	f	0	0	0	2018-01-21 15:03:17+01	2018-01-21 15:03:17+01
77	\N	\N	\N	\N	Lora.Kuhlman@yahoo.com	$2a$12$buJQedaEziOPKrlD4kg0vOIBNBvcwH86QG4mJ69V4Q0/ZzlKPgFJK	\N	\N	normal	\N	\N	\N	\N	\N	\N	\N	\N	\N	\N	\N	\N	\N	f	0	0	0	2018-01-21 15:03:30+01	2018-01-21 15:03:30+01
78	\N	\N	\N	\N	Colby.Osinski34@hotmail.com	5$gfOrUG02m52XeKAFoandEukcUy2SG1lbolCYZy1Rji2anexJo7GBa	\N	\N	toverify	\N	\N	\N	\N	\N	\N	\N	\N	\N	\N	\N	\N	\N	f	0	0	0	2018-01-21 15:03:52+01	2018-01-21 15:03:52+01
79	\N	\N	\N	\N	Weldon_Kerluke@yahoo.com	05$6IipXBdrQ3hQJCkADaECGe9nNrKs9zsq0mEVIGlfwlFpYWolGodIC	\N	\N	toverify	\N	\N	\N	\N	\N	\N	\N	\N	\N	\N	\N	\N	\N	f	0	0	0	2018-01-21 15:03:52+01	2018-01-21 15:03:52+01
80	\N	\N	\N	\N	Madonna73@hotmail.com	$05$509wYyyawqLm2BmZMPWd9uMl3GMdxyscylkC9bxsiFY1pWHscfSJy	\N	\N	toverify	\N	\N	\N	\N	\N	\N	\N	\N	\N	\N	\N	\N	\N	t	0	0	0	2018-01-21 15:04:25+01	2018-01-21 15:04:25+01
81	\N	\N	\N	\N	Herbert_Armstrong@yahoo.com	5$Okv2UUjDGlFTQHMqgzpUm.EzHuIg1YBDE0BWbfH1xvnlRmXai..P.	\N	\N	toverify	\N	\N	\N	\N	\N	\N	\N	\N	\N	\N	\N	\N	\N	f	0	0	0	2018-01-21 15:04:26+01	2018-01-21 15:04:26+01
82	\N	\N	\N	\N	Gus.Champlin56@hotmail.com	5$TZ.IOYv1XESqQ6eS4jdeyuOmVBt8nGj6nk1VUIpWnaja3OE4aa5QG	\N	\N	toverify	\N	\N	\N	\N	\N	\N	\N	\N	\N	\N	\N	\N	\N	f	0	0	0	2018-01-21 15:07:20+01	2018-01-21 15:07:20+01
83	\N	\N	\N	\N	Emelia_Reichel@gmail.com	$2a$12$7aCX8MeiiRAizRYEN6a/FO3MukZgwf3DRpJGNH5UTQVIujpLJT5qW	\N	\N	normal	\N	\N	\N	\N	\N	\N	\N	\N	\N	\N	\N	\N	\N	f	0	0	0	2018-01-21 15:08:05+01	2018-01-21 15:08:05+01
84	\N	\N	\N	\N	Murphy_McCullough4@gmail.com	5$NTR9aTmZYGWAYT79T7WWueEl9LO4gBRBfsj4mB9H2VY497drjYeRq	\N	\N	toverify	\N	\N	\N	\N	\N	\N	\N	\N	\N	\N	\N	\N	\N	f	0	0	0	2018-01-21 15:15:11+01	2018-01-21 15:15:11+01
85	\N	\N	\N	\N	Theresa.Kemmer25@gmail.com	AQVg5zu4T5FkcLtJYNCY.F744AVxA0HLCb0qfUWaQwF23hMxqa5u	\N	\N	toverify	\N	\N	\N	\N	\N	\N	\N	\N	\N	\N	\N	\N	\N	f	0	0	0	2018-01-21 15:16:19+01	2018-01-21 15:16:19+01
86	\N	\N	\N	\N	Tabitha.Rath20@hotmail.com	LrWRwD44pL23aVj5fDK3beDKXb6bK7XM8JQjNEPc6TffTFF71/UL.	\N	\N	toverify	\N	\N	\N	\N	\N	\N	\N	\N	\N	\N	\N	\N	\N	f	0	0	0	2018-01-21 15:16:56+01	2018-01-21 15:16:56+01
87	\N	\N	\N	\N	Amari_Ankunding@hotmail.com	$2a$12$4Gox3RbFOclQcxBaFMBYZuj2EjAeHbOFKMN0cZGzq.5TFoKxnKjKO	\N	\N	normal	\N	\N	\N	\N	\N	\N	\N	\N	\N	\N	\N	\N	\N	f	0	0	0	2018-01-21 15:17:25+01	2018-01-21 15:17:25+01
88	\N	\N	\N	\N	Carlo99@yahoo.com	05$dXqyVuUH.XCBnKSiTJpa3e6W4wetv8v5taChG9PocH0Vk4lShm936	\N	\N	toverify	\N	\N	\N	\N	\N	\N	\N	\N	\N	\N	\N	\N	\N	f	0	0	0	2018-01-21 15:18:12+01	2018-01-21 15:18:12+01
89	\N	\N	\N	\N	Werner.Bechtelar@hotmail.com	05$ocR.6yv9i.gV2Ix9Oa34..jLVfhxUiCXJTAMXAqc35V2svFRkDhVq	\N	\N	toverify	\N	\N	\N	\N	\N	\N	\N	\N	\N	\N	\N	\N	\N	f	0	0	0	2018-01-21 15:21:45+01	2018-01-21 15:21:45+01
90	\N	\N	\N	\N	Reina66@gmail.com	$05$eqyumDshmwcGIvCxoDBXAObkbGLMQ9YcgIVHyCGyOjbRsXOgHVbkC	\N	\N	toverify	\N	\N	\N	\N	\N	\N	\N	\N	\N	\N	\N	\N	\N	f	0	0	0	2018-01-21 15:23:15+01	2018-01-21 15:23:15+01
91	\N	\N	\N	\N	Judson45@hotmail.com	$IxD7RLsyQ2lWPScnzTh13.2tYBLCGhKhgr71ivkylaT3iT9BVutSa	\N	\N	toverify	\N	\N	\N	\N	\N	\N	\N	\N	\N	\N	\N	\N	\N	f	0	0	0	2018-01-21 15:24:54+01	2018-01-21 15:24:54+01
92	\N	\N	\N	\N	Jamar_Jones48@hotmail.com	5$znsurVlhEI6YxkpJw6siAefGYQfrVTpb0JHvmFBBftpgWFJJGh0wS	\N	\N	toverify	\N	\N	\N	\N	\N	\N	\N	\N	\N	\N	\N	\N	\N	f	0	0	0	2018-01-21 15:26:16+01	2018-01-21 15:26:16+01
93	\N	\N	\N	\N	Jany67@yahoo.com	$sS1D74Q5Phou7fiEJxvfuOZWm9Qml0gYXT29c2wPlkOyETdtCe5vq	\N	\N	toverify	\N	\N	\N	\N	\N	\N	\N	\N	\N	\N	\N	\N	\N	f	0	0	0	2018-01-21 15:26:59+01	2018-01-21 15:26:59+01
94	\N	\N	\N	\N	Bennett46@yahoo.com	5$OV6.4l1jF5JDeLyG1T9gu.yRbdL8eeEa89EfiRUkJ4DXKSLTHUVcm	\N	\N	toverify	\N	\N	\N	\N	\N	\N	\N	\N	\N	\N	\N	\N	\N	f	0	0	0	2018-01-21 15:29:41+01	2018-01-21 15:29:41+01
95	\N	\N	\N	\N	Marty.Hartmann@gmail.com	2If0bnuzSihBF4leAmGMQue1pHzkt5BZzHn1mYS1Vm4Fby8IGqF2a	\N	\N	toverify	\N	\N	\N	\N	\N	\N	\N	\N	\N	\N	\N	\N	\N	f	0	0	0	2018-01-21 15:31:36+01	2018-01-21 15:31:36+01
96	\N	\N	\N	\N	Bruce_Considine@yahoo.com	$3Lvb3tlDt981jEuE8p4IO.xnH4q2TDYUgRxHxoDgVvWW9cEUEfOCO	\N	\N	toverify	\N	\N	\N	\N	\N	\N	\N	\N	\N	\N	\N	\N	\N	f	0	0	0	2018-01-21 15:31:59+01	2018-01-21 15:31:59+01
97	\N	\N	\N	\N	Jarrod62@yahoo.com	$2a$12$sGQHLQpBASN/C8QNv1LPxuXNJJs995SNY4XxUNlvTOIqNgkNg63/C	\N	\N	normal	\N	\N	\N	\N	\N	\N	\N	\N	\N	\N	\N	\N	\N	f	0	0	0	2018-01-21 15:33:29+01	2018-01-21 15:33:29+01
98	\N	\N	\N	\N	Emmanuelle_Greenholt@yahoo.com	$2a$12$2drug1RQWwksa3b8wrcv3unLNA2n.FJT8rpNfHr9gy20xILGUuX5W	\N	\N	normal	\N	\N	\N	\N	\N	\N	\N	\N	\N	\N	\N	\N	\N	f	0	0	0	2018-01-21 15:34:55+01	2018-01-21 15:34:55+01
99	\N	\N	\N	\N	Garfield.Cole81@yahoo.com	$2a$12$XgGP6p9XIVSwPBlvZ0IW6e1uYuCbNiSfzRMTnVH0KxJeQNBOfpFjG	\N	\N	normal	\N	\N	\N	\N	\N	\N	\N	\N	\N	\N	\N	\N	\N	f	0	0	0	2018-01-21 15:36:50+01	2018-01-21 15:36:50+01
100	\N	\N	\N	\N	Milton_McClure@hotmail.com	05$1ZqBuc4pRm.EOt8c1QHA6ukiMoKMwURPbnkP16WcJv1WhCk4.t9fy	\N	\N	toverify	\N	\N	\N	\N	\N	\N	\N	\N	\N	\N	\N	\N	\N	f	0	0	0	2018-01-21 15:37:31+01	2018-01-21 15:37:31+01
101	\N	\N	\N	\N	Toy.Sporer@hotmail.com	$2a$12$sFGqeGe.PoAA2xWib70/BOfE1.BGB1gomz7eRROcjh3QkVzMQNMzK	\N	\N	normal	\N	\N	\N	\N	\N	\N	\N	\N	\N	\N	\N	\N	\N	f	0	0	0	2018-01-21 15:37:32+01	2018-01-21 15:37:32+01
102	\N	\N	\N	\N	Jaleel.Eichmann36@hotmail.com	$v5LGpiZEwfDLu5KxdXz6YOzOFI4WR18xhBHpikknyefBtNGd2800S	\N	\N	toverify	\N	\N	\N	\N	\N	\N	\N	\N	\N	\N	\N	\N	\N	t	0	0	0	2018-01-21 15:37:48+01	2018-01-21 15:37:48+01
103	\N	\N	\N	\N	Meghan.Treutel@hotmail.com	$2a$12$K9BSE1mKSLoP7Fv4DCHrouwL44reXzy.bQUVgWadRS/FtBMzxMzT.	\N	\N	normal	\N	\N	\N	\N	\N	\N	\N	\N	\N	\N	\N	\N	\N	f	0	0	0	2018-01-21 15:37:48+01	2018-01-21 15:37:48+01
104	\N	\N	\N	\N	Maida43@hotmail.com	$5.itvvBgQfJUURd23b13reB5Eib1JC0mW0dI9GGBTiyv3./MFeMLW	\N	\N	toverify	\N	\N	\N	\N	\N	\N	\N	\N	\N	\N	\N	\N	\N	t	0	0	0	2018-01-21 15:38:18+01	2018-01-21 15:38:18+01
105	\N	\N	\N	\N	Zack88@gmail.com	$05$gVgVLVA86kU9NNikPWp.vegVRM4DwV7V.Hl7HFVV.oy5UYqqn2crS	\N	\N	toverify	\N	\N	\N	\N	\N	\N	\N	\N	\N	\N	\N	\N	\N	f	0	0	0	2018-01-21 15:38:19+01	2018-01-21 15:38:19+01
128	\N	\N	\N	\N	Eugenia26@yahoo.com	05$9hngD6V7QAvuIQp.ssm3NOjPWKAjbgxJHi9YfUS3J8S2WQHd4BfBa	\N	\N	toverify	\N	\N	\N	\N	\N	\N	\N	\N	\N	\N	\N	\N	\N	t	0	0	0	2018-01-21 16:47:39+01	2018-01-21 16:47:39+01
137	\N	\N	\N	\N	Hank.Beier73@gmail.com	$2a$12$oI9ZrmwUi9.CvIm6vSXEcepsZ1MBP1aOfpJ8qDYqTftG6UAS8971e	\N	\N	normal	\N	\N	\N	\N	\N	\N	\N	\N	\N	\N	\N	\N	\N	f	0	0	0	2018-01-21 16:57:19+01	2018-01-21 16:57:19+01
62	\N	\N	\N	\N	testuser69@vipfy.com	4RDBu9EJNNR.LLlugCmTmtATJxFiZ6exPcHHUn8m9iq	\N	\N	toverify	\N	\N	\N	\N	\N	\N	\N	\N	\N	\N	\N	\N	\N	f	0	0	0	2018-01-21 13:50:53+01	2018-01-21 13:50:53+01
106	\N	\N	\N	\N	Izaiah.Windler16@gmail.com	05$v7ClcnpMEoGiEwLWlN6.5.824x.HQgH2DxdX5Koa/wFJFoNj.HtWu	\N	\N	toverify	\N	\N	\N	\N	\N	\N	\N	\N	\N	\N	\N	\N	\N	t	0	0	0	2018-01-21 15:54:20+01	2018-01-21 15:54:20+01
107	\N	\N	\N	\N	Earnest.Mraz53@hotmail.com	$2a$12$Jv64M/CvhJwtVgm6J.OuseAhgY7Pvfz5fHhwUnKPsGV/4fQv77a2a	\N	\N	normal	\N	\N	\N	\N	\N	\N	\N	\N	\N	\N	\N	\N	\N	f	0	0	0	2018-01-21 15:54:21+01	2018-01-21 15:54:21+01
108	\N	\N	\N	\N	Emiliano_Witting40@gmail.com	DtMTGwbrsmIqIwVoWEF2XOGBOy1HJcNhsw8FtH7k42JjK47hAOCru	\N	\N	toverify	\N	\N	\N	\N	\N	\N	\N	\N	\N	\N	\N	\N	\N	f	0	0	0	2018-01-21 15:56:02+01	2018-01-21 15:56:02+01
109	\N	\N	\N	\N	Manuela24@yahoo.com	$2a$12$kCICqYKjFGFOIYFh90C7feArZnPHuU3jzqXOJ6U0o1fbXdbhv1orC	\N	\N	normal	\N	\N	\N	\N	\N	\N	\N	\N	\N	\N	\N	\N	\N	f	0	0	0	2018-01-21 15:56:03+01	2018-01-21 15:56:03+01
110	\N	\N	\N	\N	Nikolas.Bogisich3@hotmail.com	1Ie5Kjjz2uNXflpM6RCMOlaolvuCux0F2zxLZmY2.u.R3uOA.9Fe	\N	\N	toverify	\N	\N	\N	\N	\N	\N	\N	\N	\N	\N	\N	\N	\N	f	0	0	0	2018-01-21 15:57:18+01	2018-01-21 15:57:18+01
111	\N	\N	\N	\N	Fritz.Bashirian94@hotmail.com	$2a$12$zFxKxiNE0MyX6m0jsxfqbegpMLvCeu8HJu71beJazQKC0ZXDjY13i	\N	\N	normal	\N	\N	\N	\N	\N	\N	\N	\N	\N	\N	\N	\N	\N	f	0	0	0	2018-01-21 15:57:19+01	2018-01-21 15:57:19+01
112	\N	\N	\N	\N	Valerie.Mraz23@gmail.com	5$LnYphXioe4H2mz9rZn8DTuWnEg3M9YwXcepVvASyUiDK1PAFfRUu6	\N	\N	toverify	\N	\N	\N	\N	\N	\N	\N	\N	\N	\N	\N	\N	\N	f	0	0	0	2018-01-21 15:57:49+01	2018-01-21 15:57:49+01
113	\N	\N	\N	\N	Darwin86@hotmail.com	$2a$12$jTPuH46O55Tu7VnZLuT9z.M9QqpT60.SijKLl2byVFU5RTnuk1T9C	\N	\N	normal	\N	\N	\N	\N	\N	\N	\N	\N	\N	\N	\N	\N	\N	f	0	0	0	2018-01-21 15:57:49+01	2018-01-21 15:57:49+01
114	\N	\N	\N	\N	Violette_Wilderman2@hotmail.com	k8giFlcg0puoOrg5wY8p4eox4N26tBW2fY/6Ya35O1v536LmJyEMK	\N	\N	toverify	\N	\N	\N	\N	\N	\N	\N	\N	\N	\N	\N	\N	\N	t	0	0	0	2018-01-21 15:58:16+01	2018-01-21 15:58:16+01
115	\N	\N	\N	\N	Brigitte51@hotmail.com	$2a$12$5g/ne6qe1gWjJy4zs7v6kO5.1FhVrt/US8tw16eJdf2WzeWNcz71S	\N	\N	normal	\N	\N	\N	\N	\N	\N	\N	\N	\N	\N	\N	\N	\N	f	0	0	0	2018-01-21 15:58:17+01	2018-01-21 15:58:17+01
116	\N	\N	\N	\N	Alize.Mosciski12@yahoo.com	$05$gC7FV1cR5Kz80r.CbFAiH.4jUE6IWleghGK0SZ0PruTc9aSmkBJDG	\N	\N	toverify	\N	\N	\N	\N	\N	\N	\N	\N	\N	\N	\N	\N	\N	t	0	0	0	2018-01-21 16:04:59+01	2018-01-21 16:04:59+01
117	\N	\N	\N	\N	Sammie_Emmerich@hotmail.com	$2a$12$WYDkOf.YtWUusu.dy9TfXeEszY/TFGZKn3EsmKMppNKdrndPfSGIu	\N	\N	normal	\N	\N	\N	\N	\N	\N	\N	\N	\N	\N	\N	\N	\N	f	0	0	0	2018-01-21 16:05:00+01	2018-01-21 16:05:00+01
118	\N	\N	\N	\N	Dale3@yahoo.com	sguFZgn23cKHsacjuYQBpulAKWfU4uFgLwyns.QCHY4WZBsRGCkZe	\N	\N	toverify	\N	\N	\N	\N	\N	\N	\N	\N	\N	\N	\N	\N	\N	f	0	0	0	2018-01-21 16:05:43+01	2018-01-21 16:05:43+01
119	\N	\N	\N	\N	Westley48@hotmail.com	$2a$12$l1JNS9VIkNLzEERzWYYrOOTtiewCu6nDx0P8BL5mnE6.q2RGL2hT.	\N	\N	normal	\N	\N	\N	\N	\N	\N	\N	\N	\N	\N	\N	\N	\N	f	0	0	0	2018-01-21 16:05:44+01	2018-01-21 16:05:44+01
120	\N	\N	\N	\N	Gianni_Reilly@hotmail.com	05$on5KfbizAbEgKdPxl33xieZFaVqDj3W5t0YqBeN3L7uFhzHs5R3wm	\N	\N	toverify	\N	\N	\N	\N	\N	\N	\N	\N	\N	\N	\N	\N	\N	t	0	0	0	2018-01-21 16:06:43+01	2018-01-21 16:06:43+01
121	\N	\N	\N	\N	Michel22@yahoo.com	$2a$12$fPb6i33Q7l1dE6gWUEYlUOA1BqCktLdEKFpipsATgtJjGSry2.m6O	\N	\N	normal	\N	\N	\N	\N	\N	\N	\N	\N	\N	\N	\N	\N	\N	f	0	0	0	2018-01-21 16:06:44+01	2018-01-21 16:06:44+01
122	\N	\N	\N	\N	Nathanial_Goyette35@hotmail.com	5$t9vfnwPDm1iod11XZIaySOEuC58n5EoCyGi071p2cFm6r4ir5i0x6	\N	\N	toverify	\N	\N	\N	\N	\N	\N	\N	\N	\N	\N	\N	\N	\N	f	0	0	0	2018-01-21 16:14:13+01	2018-01-21 16:14:13+01
123	\N	\N	\N	\N	Terry.Wolff@yahoo.com	$2a$12$7zFgkHiEFqW31PdTOPywwe6E/yAwYhiFvUW9TK268gz38nsP.A2GC	\N	\N	normal	\N	\N	\N	\N	\N	\N	\N	\N	\N	\N	\N	\N	\N	f	0	0	0	2018-01-21 16:14:14+01	2018-01-21 16:14:14+01
124	\N	\N	\N	\N	Gennaro.Torphy@yahoo.com	P7FoxIdgqwXKOtH7P.CS3OGQDtBCpIyWqODHRSTLoY2xJzybfMOSu	\N	\N	toverify	\N	\N	\N	\N	\N	\N	\N	\N	\N	\N	\N	\N	\N	t	0	0	0	2018-01-21 16:14:38+01	2018-01-21 16:14:38+01
125	\N	\N	\N	\N	Emery_Wisozk@yahoo.com	$2a$12$j8dC2RIHH8/BTx/mFAAGmu.q8qMECLvjW9GwTvfBBg2ei5nzlV0zi	\N	\N	normal	\N	\N	\N	\N	\N	\N	\N	\N	\N	\N	\N	\N	\N	f	0	0	0	2018-01-21 16:14:39+01	2018-01-21 16:14:39+01
126	\N	\N	\N	\N	Myrna_Simonis72@gmail.com	$j3v9akzCNKEVM0BHL.3Khuu66qxNq5POAtbxRInhq5v34EPzE3pRy	\N	\N	toverify	\N	\N	\N	\N	\N	\N	\N	\N	\N	\N	\N	\N	\N	f	0	0	0	2018-01-21 16:42:12+01	2018-01-21 16:42:12+01
138	\N	\N	\N	\N	Neva_Windler@gmail.com	PyPUegCPcA21LuYh1UYY.OUhdUe5DmtqTSnFIjnKdKm3rT6j2PW2	\N	\N	toverify	\N	\N	\N	\N	\N	\N	\N	\N	\N	\N	\N	\N	\N	f	0	0	0	2018-01-21 16:57:48+01	2018-01-21 16:57:48+01
127	\N	\N	\N	\N	Steve.Bartoletti95@yahoo.com	$2a$12$exyuPXRPpOgotApUVSrdsunu4m6XRG/CyGiVIB7HOjqHxhQOrE556	\N	\N	normal	\N	\N	\N	\N	\N	\N	\N	\N	\N	\N	\N	\N	\N	f	0	0	0	2018-01-21 16:42:13+01	2018-01-21 16:42:13+01
129	\N	\N	\N	\N	Mose_Tillman48@yahoo.com	5$ves3u2xfwLSZ1BnvkmrpOehvDL4GqvdBmIWWmdzcNnA2Or0vsz.b.	\N	\N	toverify	\N	\N	\N	\N	\N	\N	\N	\N	\N	\N	\N	\N	\N	f	0	0	0	2018-01-21 16:47:39+01	2018-01-21 16:47:39+01
130	\N	\N	\N	\N	Lela.Schaden91@yahoo.com	3rXi7hPC0lASfE1UaKIhO1A7kfYlhJxCx1o0NTLka.kOn4voKQe2	\N	\N	toverify	\N	\N	\N	\N	\N	\N	\N	\N	\N	\N	\N	\N	\N	t	0	0	0	2018-01-21 16:50:42+01	2018-01-21 16:50:42+01
139	\N	\N	\N	\N	Kristofer.Klocko@gmail.com	$2a$12$rPuXsA46c6noWzGHvs09/.dFu82zQ77Dru8PEFRkh7ZwxsKKGEyEe	\N	\N	normal	\N	\N	\N	\N	\N	\N	\N	\N	\N	\N	\N	\N	\N	f	0	0	0	2018-01-21 16:57:49+01	2018-01-21 16:57:49+01
1	Schwanzus	mega	longus	\N	testuser@vipfy.com	qzh70d2jayROroCBGY2MaBc4NRSehMCMPe7ToXksm0K	\N	\N	toverify	\N	\N	\N	\N	\N	\N	\N	\N	\N	\N	\N	\N	\N	f	0	0	0	2018-01-20 14:45:32+01	2018-01-20 14:45:32+01
131	\N	\N	\N	\N	Travis.Bauch66@gmail.com	$2b9FOHm7tpPi5wQN67YzQ.99uKsh4My4ZcNi2t34MTPZzJ2abzT7u	\N	\N	toverify	\N	\N	\N	\N	\N	\N	\N	\N	\N	\N	\N	\N	\N	f	0	0	0	2018-01-21 16:50:42+01	2018-01-21 16:50:42+01
132	\N	\N	\N	\N	Jacynthe29@yahoo.com	5$cPzjKgdYuGCsQWS.vQf0kepLM5HTK7gWOaZPGwG4Omx4J5Ba7Nr0C	\N	\N	toverify	\N	\N	\N	\N	\N	\N	\N	\N	\N	\N	\N	\N	\N	f	0	0	0	2018-01-21 16:54:31+01	2018-01-21 16:54:31+01
133	\N	\N	\N	\N	Alfredo47@yahoo.com	$2a$12$yDbt4puyZrlVp9tHQ6ApxOsQS5580eXJ2FQ7Pe/ksOp6tSRYDdbbS	\N	\N	normal	\N	\N	\N	\N	\N	\N	\N	\N	\N	\N	\N	\N	\N	f	0	0	0	2018-01-21 16:54:31+01	2018-01-21 16:54:31+01
134	\N	\N	\N	\N	Carley74@gmail.com	05$G0QWEjbTGTGUuaUgyDl4Eu26VIbSOlYek5diMa0MZOXUSueVxvlge	\N	\N	toverify	\N	\N	\N	\N	\N	\N	\N	\N	\N	\N	\N	\N	\N	t	0	0	0	2018-01-21 16:56:51+01	2018-01-21 16:56:51+01
135	\N	\N	\N	\N	Shyann15@yahoo.com	$2a$12$FjY5xEK85Ya8zvQoYlpRSeKDLmzB1KODLpd1JQmYE2WjOfvgERJRm	\N	\N	normal	\N	\N	\N	\N	\N	\N	\N	\N	\N	\N	\N	\N	\N	f	0	0	0	2018-01-21 16:56:51+01	2018-01-21 16:56:51+01
136	\N	\N	\N	\N	Jayde.Romaguera@hotmail.com	5$vRLOuSKx6O9amPmAcZbdReI.0FLqaXwg5zj8UBCVlE88HfaHqDuQm	\N	\N	toverify	\N	\N	\N	\N	\N	\N	\N	\N	\N	\N	\N	\N	\N	t	0	0	0	2018-01-21 16:57:19+01	2018-01-21 16:57:19+01
140	\N	\N	\N	\N	Cullen_Will@hotmail.com	$05$DxMLEoPACsz5OTHIWqG3Ze5ROFpYi9yd28kpVvOsi8puyHNLwcjt2	\N	\N	toverify	\N	\N	\N	\N	\N	\N	\N	\N	\N	\N	\N	\N	\N	t	0	0	0	2018-01-21 17:03:47+01	2018-01-21 17:03:47+01
141	\N	\N	\N	\N	Donna.Kunze35@yahoo.com	$2a$12$6mrU/x8eQdTKqM42OBoWV./yb5P.8ap5MO1FLHn84eC8zZLWTr3mi	\N	\N	normal	\N	\N	\N	\N	\N	\N	\N	\N	\N	\N	\N	\N	\N	f	0	0	0	2018-01-21 17:03:48+01	2018-01-21 17:03:48+01
142	\N	\N	\N	\N	Donnie.Schmitt57@gmail.com	05$OC2lkWkiOaIRd8mmNEz9b.ay7Z2TRTzSHfFXKR.fdgYdUvl39GEyS	\N	\N	toverify	\N	\N	\N	\N	\N	\N	\N	\N	\N	\N	\N	\N	\N	t	0	0	0	2018-01-21 17:20:24+01	2018-01-21 17:20:24+01
143	\N	\N	\N	\N	Lempi_Konopelski41@hotmail.com	$2a$12$agf8wFI4NtwFOInQsqW3au0elwifkJl5XySU16Q7VvNlXxCA/8psq	\N	\N	normal	\N	\N	\N	\N	\N	\N	\N	\N	\N	\N	\N	\N	\N	f	0	0	0	2018-01-21 17:20:24+01	2018-01-21 17:20:24+01
144	\N	\N	\N	\N	Antwon_Eichmann@gmail.com	5$79SS2lb0RZ2BuKhSB6oSz.DWgZeGbLT1Jy1KUkjWBNfejw3hkUI26	\N	\N	toverify	\N	\N	\N	\N	\N	\N	\N	\N	\N	\N	\N	\N	\N	t	0	0	0	2018-01-21 17:24:30+01	2018-01-21 17:24:30+01
145	\N	\N	\N	\N	Abigale.Dach@yahoo.com	$2a$12$owVoUasL4QoTRZARj0uVeO2arfMvqNopz.wixH1wkCblmDPgaeYni	\N	\N	normal	\N	\N	\N	\N	\N	\N	\N	\N	\N	\N	\N	\N	\N	f	0	0	0	2018-01-21 17:24:30+01	2018-01-21 17:24:30+01
146	\N	\N	\N	\N	Alvina.Parker10@hotmail.com	$05$4b1kyKMAREyA9XXmja0Wdeq5U6g9s29QJlqj4oj00eKiVMIyp3q56	\N	\N	toverify	\N	\N	\N	\N	\N	\N	\N	\N	\N	\N	\N	\N	\N	t	0	0	0	2018-01-21 17:25:27+01	2018-01-21 17:25:27+01
147	\N	\N	\N	\N	Dayna_Larson@hotmail.com	$2a$12$0PalPqzmWfBqcKV9EqevWuG/T5lxlqfjQ3a23WKnvdC7K92BjEqH6	\N	\N	normal	\N	\N	\N	\N	\N	\N	\N	\N	\N	\N	\N	\N	\N	f	0	0	0	2018-01-21 17:25:27+01	2018-01-21 17:25:27+01
148	\N	\N	\N	\N	Irving_Altenwerth@gmail.com	5$Dmw2P01g1Bv.Ny2Q8x8vau6q07WRQxjMDCjq49h8jxFZZhwxMFCLa	\N	\N	toverify	\N	\N	\N	\N	\N	\N	\N	\N	\N	\N	\N	\N	\N	t	0	0	0	2018-01-21 17:33:30+01	2018-01-21 17:33:30+01
149	\N	\N	\N	\N	Gideon.Johns18@gmail.com	$2a$12$pkmFJX9AToK5mZz9zK4RJ.GiTdvHJneYd/6r3NaZke32QMoS6.CFC	\N	\N	normal	\N	\N	\N	\N	\N	\N	\N	\N	\N	\N	\N	\N	\N	f	0	0	0	2018-01-21 17:33:31+01	2018-01-21 17:33:31+01
150	\N	\N	\N	\N	Hayden.Schowalter88@yahoo.com	5$BTJFeskieyPLJk75P3jw2OA67pjQaQRnnCb6v9CbfREJNhiznS3ja	\N	\N	toverify	\N	\N	\N	\N	\N	\N	\N	\N	\N	\N	\N	\N	\N	t	0	0	0	2018-01-21 17:33:51+01	2018-01-21 17:33:51+01
151	\N	\N	\N	\N	Tomas_Hintz@yahoo.com	$2a$12$U/EwBX1ZwKrWnqF7.GNNheiBYKvvVVkKE2V1XisUJsHivMt7yO.9u	\N	\N	normal	\N	\N	\N	\N	\N	\N	\N	\N	\N	\N	\N	\N	\N	f	0	0	0	2018-01-21 17:33:51+01	2018-01-21 17:33:51+01
152	\N	\N	\N	\N	Tabitha.Brakus@gmail.com	5$BgOvGJ2QG000OEZTV7fhAu34sssRDKVJ4nrONRHYKWJK7fNl6KUfW	\N	\N	toverify	\N	\N	\N	\N	\N	\N	\N	\N	\N	\N	\N	\N	\N	f	0	0	0	2018-01-21 17:55:57+01	2018-01-21 17:55:57+01
153	\N	\N	\N	\N	Gerhard.Koepp39@hotmail.com	$2a$12$rAZuZJc3729Wou0/9DSxtufvXXHtydGFwX9SuESdA2ODHNereuPAy	\N	\N	normal	\N	\N	\N	\N	\N	\N	\N	\N	\N	\N	\N	\N	\N	f	0	0	0	2018-01-21 17:55:57+01	2018-01-21 17:55:57+01
154	\N	\N	\N	\N	Christopher_Sawayn@hotmail.com	5$PAXjHt2gj9HGL6VqOlASrOHkNFfu8r1LZ2S9AbxMGLQgFReUTe5D6	\N	\N	toverify	\N	\N	\N	\N	\N	\N	\N	\N	\N	\N	\N	\N	\N	t	0	0	0	2018-01-21 17:56:41+01	2018-01-21 17:56:41+01
155	\N	\N	\N	\N	Candida21@hotmail.com	$2a$12$dcdZZ1cSBDmyuVEeN4SSdO2RaihkYNm9Vv4PtyRhDYQ6FRtqe6Ysq	\N	\N	normal	\N	\N	\N	\N	\N	\N	\N	\N	\N	\N	\N	\N	\N	f	0	0	0	2018-01-21 17:56:41+01	2018-01-21 17:56:41+01
156	\N	\N	\N	\N	Camila6@yahoo.com	$05$YlnXWep51abc35lKRH9Ipui35XST7IXHoEO0zkKZyZ4Ij142PJYdS	\N	\N	toverify	\N	\N	\N	\N	\N	\N	\N	\N	\N	\N	\N	\N	\N	f	0	0	0	2018-01-21 18:01:09+01	2018-01-21 18:01:09+01
157	\N	\N	\N	\N	Karina.Braun61@yahoo.com	$2a$12$iCeqxRQeJJnZv4SLRZbo1.HIRdKFVEtaLTRDcqwvtUVtbU36ev2mu	\N	\N	normal	\N	\N	\N	\N	\N	\N	\N	\N	\N	\N	\N	\N	\N	f	0	0	0	2018-01-21 18:01:10+01	2018-01-21 18:01:10+01
158	\N	\N	\N	\N	Larry_Breitenberg@hotmail.com	05$knISftNh1d1mYOKk11oUFO04yAiWHxgQS2Gl4khqbfMHlGFsANOdS	\N	\N	toverify	\N	\N	\N	\N	\N	\N	\N	\N	\N	\N	\N	\N	\N	t	0	0	0	2018-01-21 18:03:04+01	2018-01-21 18:03:04+01
159	\N	\N	\N	\N	Providenci_Lind@yahoo.com	$2a$12$Q.SRoUFgv6pqPOPTaUYcZOn5yRyuTi4x1qaKp.oweRLtjNRSRYhtG	\N	\N	normal	\N	\N	\N	\N	\N	\N	\N	\N	\N	\N	\N	\N	\N	f	0	0	0	2018-01-21 18:03:04+01	2018-01-21 18:03:04+01
160	\N	\N	\N	\N	Fidel.Jerde49@gmail.com	akEcsIWtKXflN37f24PQrOMpd5DI0Aj8R5.Jg0k33HVfab7jH2la6	\N	\N	toverify	\N	\N	\N	\N	\N	\N	\N	\N	\N	\N	\N	\N	\N	t	0	0	0	2018-01-21 18:05:30+01	2018-01-21 18:05:30+01
161	\N	\N	\N	\N	Adrian76@yahoo.com	$2a$12$B5DCO5YcsCZkSlS7qBHVVeKcfMSxmWSn6kLM/6DXqK/RnkHDULVKC	\N	\N	normal	\N	\N	\N	\N	\N	\N	\N	\N	\N	\N	\N	\N	\N	f	0	0	0	2018-01-21 18:05:30+01	2018-01-21 18:05:30+01
162	\N	\N	\N	\N	Titus.Keebler@gmail.com	$PoAALuxUd1Rib4LrUDaXjOPzxoDq5TtZo2ZibbKTHKqidfR44W5Z6	\N	\N	toverify	\N	\N	\N	\N	\N	\N	\N	\N	\N	\N	\N	\N	\N	t	0	0	0	2018-01-21 18:06:28+01	2018-01-21 18:06:28+01
163	\N	\N	\N	\N	Otha.Pfannerstill@gmail.com	$2a$12$uWG3UFw9EJWlAMXtao/mcOvYuycwPdqTUzCwC4ptlDFtTmtJ24hNG	\N	\N	normal	\N	\N	\N	\N	\N	\N	\N	\N	\N	\N	\N	\N	\N	f	0	0	0	2018-01-21 18:06:28+01	2018-01-21 18:06:28+01
164	\N	\N	\N	\N	Maximo.Cummerata@hotmail.com	05$H4cSpX2ACjSn7kjQxFPL.OwS5wVRm2VaR28c3nJcNOjUDvux2Plo6	\N	\N	toverify	\N	\N	\N	\N	\N	\N	\N	\N	\N	\N	\N	\N	\N	f	0	0	0	2018-01-21 18:11:12+01	2018-01-21 18:11:12+01
165	\N	\N	\N	\N	Adolphus41@yahoo.com	$2a$12$XruEzyII4OlRqER8sNYWRuoJmtLb5wTeA0H5qIdclzTsZWL.Sh1wq	\N	\N	normal	\N	\N	\N	\N	\N	\N	\N	\N	\N	\N	\N	\N	\N	f	0	0	0	2018-01-21 18:11:12+01	2018-01-21 18:11:12+01
166	\N	\N	\N	\N	Audra.Stroman35@gmail.com	jykXQHPeu5932W1iamIo.Y4g.qQPTcEHlddOvNzuBYMXqCNmaxZK	\N	\N	toverify	\N	\N	\N	\N	\N	\N	\N	\N	\N	\N	\N	\N	\N	t	0	0	0	2018-01-21 18:12:46+01	2018-01-21 18:12:46+01
167	\N	\N	\N	\N	Reina62@hotmail.com	$2a$12$LpndQl1vNnHOwR.29Ej5lOs/L2BEAMbVrsKzTbQFT0Wts6V3aIuq.	\N	\N	normal	\N	\N	\N	\N	\N	\N	\N	\N	\N	\N	\N	\N	\N	f	0	0	0	2018-01-21 18:12:47+01	2018-01-21 18:12:47+01
168	\N	\N	\N	\N	Pat56@gmail.com	$K7hMVEAqt50Tdd8YtvusfeK9Fw7z4jLzHffA0QFv07ZFq8rf.pKL6	\N	\N	toverify	\N	\N	\N	\N	\N	\N	\N	\N	\N	\N	\N	\N	\N	t	0	0	0	2018-01-21 18:14:02+01	2018-01-21 18:14:02+01
169	\N	\N	\N	\N	Judy.Barrows@yahoo.com	$2a$12$.0YEC7jzETWHxt.52mKA7eoKzH6MkZq.Gaz.bhQj1VjDNtAac6y/O	\N	\N	normal	\N	\N	\N	\N	\N	\N	\N	\N	\N	\N	\N	\N	\N	f	0	0	0	2018-01-21 18:14:03+01	2018-01-21 18:14:03+01
170	\N	\N	\N	\N	Leanne45@yahoo.com	$r7Sja0M3auOB8t2bTa0MvOBWxGQg5.jKHBH4FKZ4tiJgG.AcMOjFm	\N	\N	toverify	\N	\N	\N	\N	\N	\N	\N	\N	\N	\N	\N	\N	\N	f	0	0	0	2018-01-21 18:14:47+01	2018-01-21 18:14:47+01
171	\N	\N	\N	\N	Gretchen_Skiles@yahoo.com	$2a$12$y41m8P2ejOkMSOLRhKbZ4OlAZwqH8ASawsd0Kkfd6SLmL3x83vTIa	\N	\N	normal	\N	\N	\N	\N	\N	\N	\N	\N	\N	\N	\N	\N	\N	f	0	0	0	2018-01-21 18:14:48+01	2018-01-21 18:14:48+01
172	\N	\N	\N	\N	Ludwig16@hotmail.com	5$bgEXnIkZYc6jq61usv2U3.yt6sZeYxv6dvfckDyJ.zBGXqL1SQNTq	\N	\N	toverify	\N	\N	\N	\N	\N	\N	\N	\N	\N	\N	\N	\N	\N	f	0	0	0	2018-01-21 18:15:19+01	2018-01-21 18:15:19+01
173	\N	\N	\N	\N	Jazmyn72@hotmail.com	$2a$12$n6MHS4lWtfd4nAwBFfa/GuO2e9W2y0Bk85/8/OlnxdjfxgVkoa242	\N	\N	normal	\N	\N	\N	\N	\N	\N	\N	\N	\N	\N	\N	\N	\N	f	0	0	0	2018-01-21 18:15:19+01	2018-01-21 18:15:19+01
174	\N	\N	\N	\N	Thora55@gmail.com	E21QAS7eKYNoPgxrnOi6uYORSbwT96zBYaXzn0Nfcd0CYA7aa/F.	\N	\N	toverify	\N	\N	\N	\N	\N	\N	\N	\N	\N	\N	\N	\N	\N	t	0	0	0	2018-01-21 18:15:59+01	2018-01-21 18:15:59+01
175	\N	\N	\N	\N	Demetris.Yundt51@gmail.com	$2a$12$b4mB1hLxiWPpN710xZl/rOzx5.9432Ef08nsV56aTn1zyvJhBTqhO	\N	\N	normal	\N	\N	\N	\N	\N	\N	\N	\N	\N	\N	\N	\N	\N	f	0	0	0	2018-01-21 18:15:59+01	2018-01-21 18:15:59+01
176	\N	\N	\N	\N	Albina6@hotmail.com	$05$AwwQ5stZYrvg0RMSDiLRUuKBhB7YUFrZAa2TqissGdCPhw0Jxo76y	\N	\N	toverify	\N	\N	\N	\N	\N	\N	\N	\N	\N	\N	\N	\N	\N	f	0	0	0	2018-01-21 18:16:47+01	2018-01-21 18:16:47+01
177	\N	\N	\N	\N	Kathleen35@gmail.com	$2a$12$3Y.PXf4S1AROIrH8o7/a4.jF62YHgt79mucC8NGElhXFoAmYCG.cG	\N	\N	normal	\N	\N	\N	\N	\N	\N	\N	\N	\N	\N	\N	\N	\N	f	0	0	0	2018-01-21 18:16:47+01	2018-01-21 18:16:47+01
178	\N	\N	\N	\N	Kelli81@hotmail.com	B20fl0iV407yrT2A38ovmu.dwRedJxbAo5aWbs1pfVsIRae6ETfda	\N	\N	toverify	\N	\N	\N	\N	\N	\N	\N	\N	\N	\N	\N	\N	\N	f	0	0	0	2018-01-21 18:17:48+01	2018-01-21 18:17:48+01
179	\N	\N	\N	\N	Reyes_Kub@yahoo.com	$2a$12$AyF5Oumwv7hGUsI0l7Oj3OrfMu4bSMwAU4ayD4vwXymGHXOXm945m	\N	\N	normal	\N	\N	\N	\N	\N	\N	\N	\N	\N	\N	\N	\N	\N	f	0	0	0	2018-01-21 18:17:49+01	2018-01-21 18:17:49+01
180	\N	\N	\N	\N	Andreane_Jones@gmail.com	5$Z4PMGHoIFJqKt8L77M6jJeQXq0qg9pBXctAjCn7.rp0sZlyBT9yWq	\N	\N	toverify	\N	\N	\N	\N	\N	\N	\N	\N	\N	\N	\N	\N	\N	f	0	0	0	2018-01-21 18:49:09+01	2018-01-21 18:49:09+01
181	\N	\N	\N	\N	Elody.Skiles72@yahoo.com	$2a$12$G3p0gAdQahSwDe0DncekfuDbPIl1jWicvtE3/GqfZMmCSYlVzyTL2	\N	\N	normal	\N	\N	\N	\N	\N	\N	\N	\N	\N	\N	\N	\N	\N	f	0	0	0	2018-01-21 18:49:09+01	2018-01-21 18:49:09+01
182	\N	\N	\N	\N	Hal_Watsica71@yahoo.com	5$T3l2TQFmFS1sdSTAJHHvAufMGiwdEaMtO1PCkM9xPoDGZWMIoNh6C	\N	\N	toverify	\N	\N	\N	\N	\N	\N	\N	\N	\N	\N	\N	\N	\N	t	0	0	0	2018-01-21 18:49:48+01	2018-01-21 18:49:48+01
183	\N	\N	\N	\N	Florence.Lebsack96@yahoo.com	$2a$12$mEx2RqEqgS1iZQOfCXUup.86U..w/7ahP0.oWiWlfMUkgT/eRlmQO	\N	\N	normal	\N	\N	\N	\N	\N	\N	\N	\N	\N	\N	\N	\N	\N	f	0	0	0	2018-01-21 18:49:48+01	2018-01-21 18:49:48+01
184	\N	\N	\N	\N	Nathanael.Herzog42@yahoo.com	$05$r3jroz32dlACLEnrAnjTnOdac..52aGLR/144BFaXOFBvCy9m3sJe	\N	\N	toverify	\N	\N	\N	\N	\N	\N	\N	\N	\N	\N	\N	\N	\N	f	0	0	0	2018-01-21 18:59:35+01	2018-01-21 18:59:35+01
185	\N	\N	\N	\N	Oleta17@yahoo.com	$2a$12$tTrMvMPEh.lynmO.4Wx.zO5xmC4ROrR541vFJOjbhskfemZSu32xu	\N	\N	normal	\N	\N	\N	\N	\N	\N	\N	\N	\N	\N	\N	\N	\N	f	0	0	0	2018-01-21 18:59:36+01	2018-01-21 18:59:36+01
186	\N	\N	\N	\N	Nya_Dibbert63@hotmail.com	UYRszK21OYfoqxhMVfOseqMWoyKiGbXG5Hjmw2zauvw7PTjF2NXy	\N	\N	toverify	\N	\N	\N	\N	\N	\N	\N	\N	\N	\N	\N	\N	\N	t	0	0	0	2018-01-21 19:34:07+01	2018-01-21 19:34:07+01
187	\N	\N	\N	\N	Loraine_Grimes8@gmail.com	$2a$12$oZluWyH.2NNFkjTlNyxOYOM7nxWbQBAmpvwuvHwkFfzf8UZKPWGi.	\N	\N	normal	\N	\N	\N	\N	\N	\N	\N	\N	\N	\N	\N	\N	\N	f	0	0	0	2018-01-21 19:34:08+01	2018-01-21 19:34:08+01
188	\N	\N	\N	\N	Angelita4@hotmail.com	5$fZ9AFzSXTp072HmtOyE.vu9l7eRZE.2ddbyy/ITkuoSmCYwsq0Jcy	\N	\N	toverify	\N	\N	\N	\N	\N	\N	\N	\N	\N	\N	\N	\N	\N	f	0	0	0	2018-01-21 19:34:44+01	2018-01-21 19:34:44+01
189	\N	\N	\N	\N	Cyril_Rice42@yahoo.com	$2a$12$jUHCbbVssG0AGkCb6pfYRuDdJr5CzSlMgHwKzy4k0LMVGX19UxjXS	\N	\N	normal	\N	\N	\N	\N	\N	\N	\N	\N	\N	\N	\N	\N	\N	f	0	0	0	2018-01-21 19:34:45+01	2018-01-21 19:34:45+01
190	\N	\N	\N	\N	Antoinette.Boehm15@hotmail.com	$05$2xAj1CwC7ioMDfUqDDfCue9.Dj7uLjm6OQAzu5q0myGu14O.SK9ym	\N	\N	toverify	\N	\N	\N	\N	\N	\N	\N	\N	\N	\N	\N	\N	\N	t	0	0	0	2018-01-21 19:35:52+01	2018-01-21 19:35:52+01
191	\N	\N	\N	\N	Lucienne_Bernhard@gmail.com	$2a$12$tiSZ.0UrQpzi2uxSpx1Vv.U0UQ6lEQPpstU5iMd9D0o2V9gOmGq1C	\N	\N	normal	\N	\N	\N	\N	\N	\N	\N	\N	\N	\N	\N	\N	\N	f	0	0	0	2018-01-21 19:35:52+01	2018-01-21 19:35:52+01
192	\N	\N	\N	\N	Marietta_Kuvalis@gmail.com	05$GwFlLIjz6loL9BYOxzxT7uvTsp4Hao6yklf9zlVRsu0YYWIxMjZRW	\N	\N	toverify	\N	\N	\N	\N	\N	\N	\N	\N	\N	\N	\N	\N	\N	f	0	0	0	2018-01-21 19:47:18+01	2018-01-21 19:47:18+01
193	\N	\N	\N	\N	Oran64@hotmail.com	$2a$12$4BBQ.bCwKM77WwJZG8L.i.lQdApOt3QXinLG4R69h2ofYlDZ3VNFa	\N	\N	normal	\N	\N	\N	\N	\N	\N	\N	\N	\N	\N	\N	\N	\N	f	0	0	0	2018-01-21 19:47:18+01	2018-01-21 19:47:18+01
194	\N	\N	\N	\N	Audrey_Ziemann@gmail.com	5$WT2TGC7BEYjqp9p6cx2bk.aKZ4eCQzFvDs2QF2LoVfyv6qNA6If8a	\N	\N	toverify	\N	\N	\N	\N	\N	\N	\N	\N	\N	\N	\N	\N	\N	t	0	0	0	2018-01-21 19:48:09+01	2018-01-21 19:48:09+01
195	\N	\N	\N	\N	Deshaun34@gmail.com	$2a$12$rD/Y85x26iJ1fDHVMoFeteb32FxA.dJL9Cn8S1cDaonN5GnLRSVGC	\N	\N	normal	\N	\N	\N	\N	\N	\N	\N	\N	\N	\N	\N	\N	\N	f	0	0	0	2018-01-21 19:48:10+01	2018-01-21 19:48:10+01
196	\N	\N	\N	\N	Issac_Lakin63@gmail.com	$90dPactirATw6Vq2znMlKuSkpTDV1hrj8KkUhyg31Lrr32snG1762	\N	\N	toverify	\N	\N	\N	\N	\N	\N	\N	\N	\N	\N	\N	\N	\N	t	0	0	0	2018-01-21 19:49:22+01	2018-01-21 19:49:22+01
197	\N	\N	\N	\N	Dan40@hotmail.com	$2a$12$D66rn0cyVdB/IGimlfjYkuG9f1jHnNZ4pHfUL/DpkjB0Xa2qZuOJC	\N	\N	normal	\N	\N	\N	\N	\N	\N	\N	\N	\N	\N	\N	\N	\N	f	0	0	0	2018-01-21 19:49:22+01	2018-01-21 19:49:22+01
198	\N	\N	\N	\N	Conor85@yahoo.com	05$2XQTvpNrDz4xIFoksN76Le2OrffOgDU7gl2WJGqanElmF7USxn1Gm	\N	\N	toverify	\N	\N	\N	\N	\N	\N	\N	\N	\N	\N	\N	\N	\N	t	0	0	0	2018-01-21 19:50:44+01	2018-01-21 19:50:44+01
199	\N	\N	\N	\N	Lavon90@hotmail.com	$2a$12$nJSAESCdB9S7kqRutNh.LeX8F.acCQT1/a1szxMUZyNpU803lH1Im	\N	\N	normal	\N	\N	\N	\N	\N	\N	\N	\N	\N	\N	\N	\N	\N	f	0	0	0	2018-01-21 19:50:45+01	2018-01-21 19:50:45+01
200	\N	\N	\N	\N	Coleman.OConnell62@hotmail.com	1d14kyCFw6.p406M0NyDuWRjoTZlfeOJA2pKvhrF9vVcOpHPDk6K	\N	\N	toverify	\N	\N	\N	\N	\N	\N	\N	\N	\N	\N	\N	\N	\N	f	0	0	0	2018-01-21 19:51:49+01	2018-01-21 19:51:49+01
201	\N	\N	\N	\N	Daphne.Crist40@hotmail.com	$2a$12$mgOiN8NNpXt6N4jLlvH9tud3jHXeYTwPwmfQiBPbDmgYq/lGxCgTq	\N	\N	normal	\N	\N	\N	\N	\N	\N	\N	\N	\N	\N	\N	\N	\N	f	0	0	0	2018-01-21 19:51:50+01	2018-01-21 19:51:50+01
202	\N	\N	\N	\N	Ona20@yahoo.com	05$gFPbod.SnUgSxc5C6nOjCeRBuY82WNbrKDm2T1NeQ8kNL6edteBSG	\N	\N	toverify	\N	\N	\N	\N	\N	\N	\N	\N	\N	\N	\N	\N	\N	f	0	0	0	2018-01-21 19:53:10+01	2018-01-21 19:53:10+01
203	\N	\N	\N	\N	Eugenia_Schulist92@hotmail.com	$2a$12$kKGRg2hiaYmSSw9xF6xe4ue8MpNa0naoFRkMn92m3CqtmsWCclZsW	\N	\N	normal	\N	\N	\N	\N	\N	\N	\N	\N	\N	\N	\N	\N	\N	f	0	0	0	2018-01-21 19:53:10+01	2018-01-21 19:53:10+01
204	\N	\N	\N	\N	Chanelle.Dietrich2@hotmail.com	Qzlcm.xeS3b.hWLZ.Fl01eWDqCmbSL1z8M3CaOT7Rro0ncvle9i3a	\N	\N	toverify	\N	\N	\N	\N	\N	\N	\N	\N	\N	\N	\N	\N	\N	f	0	0	0	2018-01-21 19:54:01+01	2018-01-21 19:54:01+01
205	\N	\N	\N	\N	Toy69@gmail.com	$2a$12$CRTJjKvOwH3fShEHSB/QhuCi5LkL6n0B7xhZ3dUt6ktVsCuTWHB0e	\N	\N	normal	\N	\N	\N	\N	\N	\N	\N	\N	\N	\N	\N	\N	\N	f	0	0	0	2018-01-21 19:54:02+01	2018-01-21 19:54:02+01
206	\N	\N	\N	\N	Hillary31@gmail.com	05$HpkSrhatk2YL.2d9nIAoaO1..9oGi0h0VfuitOeuqdtgHUytIzLMy	\N	\N	toverify	\N	\N	\N	\N	\N	\N	\N	\N	\N	\N	\N	\N	\N	f	0	0	0	2018-01-21 19:55:13+01	2018-01-21 19:55:13+01
207	\N	\N	\N	\N	Jay45@hotmail.com	$2a$12$OV6xkPHOWdPzK.hi.dXcTe5gJRvIqo.1qPx3X/np4t1P2u8RP5qFa	\N	\N	normal	\N	\N	\N	\N	\N	\N	\N	\N	\N	\N	\N	\N	\N	f	0	0	0	2018-01-21 19:55:14+01	2018-01-21 19:55:14+01
208	\N	\N	\N	\N	Angie93@yahoo.com	05$6F2xx62xyAvKF./0QjvDdOcE.L6ziHhjbfn7iGR916YPSAJssXYh6	\N	\N	toverify	\N	\N	\N	\N	\N	\N	\N	\N	\N	\N	\N	\N	\N	t	0	0	0	2018-01-21 19:56:45+01	2018-01-21 19:56:45+01
209	\N	\N	\N	\N	Elroy_Eichmann@yahoo.com	$2a$12$xmi8Fgh6K8TZa4uHQ3x8weoU1pNtmRy8l0g3cOhwIDLZB4vo0yf9m	\N	\N	normal	\N	\N	\N	\N	\N	\N	\N	\N	\N	\N	\N	\N	\N	f	0	0	0	2018-01-21 19:56:46+01	2018-01-21 19:56:46+01
210	\N	\N	\N	\N	Leone41@gmail.com	$m3cFS1t5s244hdGRJoQhfO9sm9tn3TA2Rdbux2iPxA4/ugaGlhkZm	\N	\N	toverify	\N	\N	\N	\N	\N	\N	\N	\N	\N	\N	\N	\N	\N	t	0	0	0	2018-01-21 19:57:24+01	2018-01-21 19:57:24+01
211	\N	\N	\N	\N	Merle.Abbott@hotmail.com	$2a$12$FGdIhGtyG6CJbe0vtHF7zuXIv33fj5LofWwkuex4ms/kaOydOD5Lu	\N	\N	normal	\N	\N	\N	\N	\N	\N	\N	\N	\N	\N	\N	\N	\N	f	0	0	0	2018-01-21 19:57:24+01	2018-01-21 19:57:24+01
212	\N	\N	\N	\N	Kailey_Bechtelar37@hotmail.com	aclUliWG7WI8W42q1YH/yelwqjxFDI0xpdWoIWkhSl84M/0cf9LZ6	\N	\N	toverify	\N	\N	\N	\N	\N	\N	\N	\N	\N	\N	\N	\N	\N	t	0	0	0	2018-01-21 19:58:44+01	2018-01-21 19:58:44+01
213	\N	\N	\N	\N	Hannah_Parker@gmail.com	$2a$12$l6LQAukiLNgl73Z7CO4rqObx/QzIK.oWIK/pp.A1wfiu4/xkXlEbq	\N	\N	normal	\N	\N	\N	\N	\N	\N	\N	\N	\N	\N	\N	\N	\N	f	0	0	0	2018-01-21 19:58:45+01	2018-01-21 19:58:45+01
214	\N	\N	\N	\N	Hermann35@hotmail.com	yvY4tBbDiJH3LAUmDMQ3d.gw5v7ImqPXoFgwSmqfp3gb6KfMT28iC	\N	\N	toverify	\N	\N	\N	\N	\N	\N	\N	\N	\N	\N	\N	\N	\N	f	0	0	0	2018-01-21 20:00:41+01	2018-01-21 20:00:41+01
215	\N	\N	\N	\N	Elinor.Berge92@hotmail.com	$2a$12$9A87X4D1KOqWYUHw7YqBgueulc2mDjN6VmZojKhKn3lfIkijC1b3K	\N	\N	normal	\N	\N	\N	\N	\N	\N	\N	\N	\N	\N	\N	\N	\N	f	0	0	0	2018-01-21 20:00:41+01	2018-01-21 20:00:41+01
216	\N	\N	\N	\N	Maddison.Emard62@hotmail.com	$yiVjBdiKGl.z5XIzcqnEAO.FNhmBg9Cy5Q0KU8JycxMZAkvkp5pAa	\N	\N	toverify	\N	\N	\N	\N	\N	\N	\N	\N	\N	\N	\N	\N	\N	f	0	0	0	2018-01-21 20:01:27+01	2018-01-21 20:01:27+01
217	\N	\N	\N	\N	Tate_Beier97@yahoo.com	$2a$12$n1.k4H1yIBFOucuzVP/IQOgE9ytfsh0TcaQNuIQaP7QFqI4ssmiR.	\N	\N	normal	\N	\N	\N	\N	\N	\N	\N	\N	\N	\N	\N	\N	\N	f	0	0	0	2018-01-21 20:01:28+01	2018-01-21 20:01:28+01
218	\N	\N	\N	\N	Mike.Feest@hotmail.com	05$BfCgCr54lQWnBIxaFD6wUurdIsXbMa33qdDhUYv9Fb94CzNHnHrc.	\N	\N	toverify	\N	\N	\N	\N	\N	\N	\N	\N	\N	\N	\N	\N	\N	t	0	0	0	2018-01-21 20:03:09+01	2018-01-21 20:03:09+01
219	\N	\N	\N	\N	Kaia95@hotmail.com	$2a$12$glTTdxH3ddBYr7bAThvXLeCy30t0dBurtSwFdXejVJSfXr.YCCldG	\N	\N	normal	\N	\N	\N	\N	\N	\N	\N	\N	\N	\N	\N	\N	\N	f	0	0	0	2018-01-21 20:03:09+01	2018-01-21 20:03:09+01
220	\N	\N	\N	\N	Mandy.Armstrong@yahoo.com	5$ThYO20FvPIIpUETsQ6lwOeIsfiJtvD9.QECxYVjdqoiYclbCGx6uy	\N	\N	toverify	\N	\N	\N	\N	\N	\N	\N	\N	\N	\N	\N	\N	\N	t	0	0	0	2018-01-21 20:04:38+01	2018-01-21 20:04:38+01
221	\N	\N	\N	\N	Brisa66@yahoo.com	$2a$12$b5baIlDKz/CYBSsAHb3gv.TkPqrWiMY/epUXySfWzQbUvlrxvpdK2	\N	\N	normal	\N	\N	\N	\N	\N	\N	\N	\N	\N	\N	\N	\N	\N	f	0	0	0	2018-01-21 20:04:39+01	2018-01-21 20:04:39+01
222	\N	\N	\N	\N	Braxton_Hahn@yahoo.com	05$x2ynnnmqpsKF7nIBYsYjVe0F0tGphoouBQrp6jVkT8Jv46P1BuMnq	\N	\N	toverify	\N	\N	\N	\N	\N	\N	\N	\N	\N	\N	\N	\N	\N	f	0	0	0	2018-01-21 20:08:19+01	2018-01-21 20:08:19+01
223	\N	\N	\N	\N	Eddie.Watsica68@yahoo.com	$2a$12$.ygN1pj4dZIdHeIQi6SJy.SllFxxCUQxXxbAK79AInWPV41AkAA3m	\N	\N	normal	\N	\N	\N	\N	\N	\N	\N	\N	\N	\N	\N	\N	\N	f	0	0	0	2018-01-21 20:08:20+01	2018-01-21 20:08:20+01
224	\N	\N	\N	\N	Brian89@hotmail.com	0QVUhkGZWtUijsS2m5rcuqUlu2rzPAR8E1FRaMt0.6KqkRXlcAz6	\N	\N	toverify	\N	\N	\N	\N	\N	\N	\N	\N	\N	\N	\N	\N	\N	t	0	0	0	2018-01-21 20:10:12+01	2018-01-21 20:10:12+01
225	\N	\N	\N	\N	Peyton_McKenzie@hotmail.com	$2a$12$seOn4jxVOl88RUjDD.7j/uvJnbszcSIyq76rXAZueS91JzLjuVkUe	\N	\N	normal	\N	\N	\N	\N	\N	\N	\N	\N	\N	\N	\N	\N	\N	f	0	0	0	2018-01-21 20:10:13+01	2018-01-21 20:10:13+01
226	\N	\N	\N	\N	Dorris_Cummerata57@hotmail.com	Q3Gpq.0HkEe5LPf4.t3VQO9sq05ErKEobVKlHgzSdJwGNWTixYrGq	\N	\N	toverify	\N	\N	\N	\N	\N	\N	\N	\N	\N	\N	\N	\N	\N	f	0	0	0	2018-01-21 20:11:23+01	2018-01-21 20:11:23+01
227	\N	\N	\N	\N	Thea.Borer4@yahoo.com	$2a$12$uWgP9Xuc354p09WHunAdq.olWnwpn5YbrsmRsSCTDkk0wjkt0C2P2	\N	\N	normal	\N	\N	\N	\N	\N	\N	\N	\N	\N	\N	\N	\N	\N	f	0	0	0	2018-01-21 20:11:23+01	2018-01-21 20:11:23+01
228	\N	\N	\N	\N	Piper_Bednar60@gmail.com	$qvX7BMG5nfq8QekVMv2DxOJK46c22z2EZU1I89Qeio8xqBCOjcgIa	\N	\N	toverify	\N	\N	\N	\N	\N	\N	\N	\N	\N	\N	\N	\N	\N	t	0	0	0	2018-01-21 20:14:38+01	2018-01-21 20:14:38+01
229	\N	\N	\N	\N	Vicenta.Schmidt86@hotmail.com	$2a$12$Z.HoyE0umAVp9OKPF.e1iO9vSy66P5f6yxCdMPA1qo1XP/LfkpCM6	\N	\N	normal	\N	\N	\N	\N	\N	\N	\N	\N	\N	\N	\N	\N	\N	f	0	0	0	2018-01-21 20:14:39+01	2018-01-21 20:14:39+01
230	\N	\N	\N	\N	Sabryna_Heller99@hotmail.com	05$8UT1D3iAwVtW7ivpmaugwuG09arflXWqbN3vInfRH8OeNilxPwRIS	\N	\N	toverify	\N	\N	\N	\N	\N	\N	\N	\N	\N	\N	\N	\N	\N	t	0	0	0	2018-01-21 20:17:03+01	2018-01-21 20:17:03+01
231	\N	\N	\N	\N	Bradley.Greenfelder@hotmail.com	$2a$12$twdx78zaw2ifeL6d/Umsce/JybrdFFw.qtIogA9dLigoLiW4xHv7a	\N	\N	normal	\N	\N	\N	\N	\N	\N	\N	\N	\N	\N	\N	\N	\N	f	0	0	0	2018-01-21 20:17:03+01	2018-01-21 20:17:03+01
232	\N	\N	\N	\N	Polly_McCullough@gmail.com	7RA8mR5GXtqza4mBBDTfusOfyiK58cV1yKZc3sV6PdoJJLzyAaHy	\N	\N	toverify	\N	\N	\N	\N	\N	\N	\N	\N	\N	\N	\N	\N	\N	f	0	0	0	2018-01-21 20:17:52+01	2018-01-21 20:17:52+01
233	\N	\N	\N	\N	Omer89@yahoo.com	$2a$12$NlYEP94TCz6vc27WCOx5EercV.999xP.a6233h1RYR9BmW3OoUwZa	\N	\N	normal	\N	\N	\N	\N	\N	\N	\N	\N	\N	\N	\N	\N	\N	f	0	0	0	2018-01-21 20:17:52+01	2018-01-21 20:17:52+01
234	\N	\N	\N	\N	Astrid35@hotmail.com	$fLhDA58MZc3usZS3khZVK.R0uUkBBZ4YJhMDsR6372f/6AiC14rvC	\N	\N	toverify	\N	\N	\N	\N	\N	\N	\N	\N	\N	\N	\N	\N	\N	f	0	0	0	2018-01-21 20:18:36+01	2018-01-21 20:18:36+01
235	\N	\N	\N	\N	Alda_Ruecker9@hotmail.com	$2a$12$Raio0Sn3bQ.0R5MDhAx7A.mQq6IGR.B4v5SaRlQ6N3uZ4SHxEWPR2	\N	\N	normal	\N	\N	\N	\N	\N	\N	\N	\N	\N	\N	\N	\N	\N	f	0	0	0	2018-01-21 20:18:36+01	2018-01-21 20:18:36+01
236	\N	\N	\N	\N	Brando18@hotmail.com	5$gyDGfluAJcTt6VyEJNIyaOGiteSH2qagEOq1Sg6qRZ4bhZ0RmFyNq	\N	\N	toverify	\N	\N	\N	\N	\N	\N	\N	\N	\N	\N	\N	\N	\N	t	0	0	0	2018-01-21 20:18:56+01	2018-01-21 20:18:56+01
237	\N	\N	\N	\N	Odessa_Dickens@gmail.com	$2a$12$f4DmS1RGg0hcphBn4rY3ZOWWx92uqnS1a1cnY6h5SktkErDZF5r1i	\N	\N	normal	\N	\N	\N	\N	\N	\N	\N	\N	\N	\N	\N	\N	\N	f	0	0	0	2018-01-21 20:18:56+01	2018-01-21 20:18:56+01
238	\N	\N	\N	\N	Kavon.Satterfield5@yahoo.com	05$P9c2jBnC6R/c6BnxkqTe8Orm2W4yxAPdvfW5MnA8xAGo7DsNzxUiS	\N	\N	toverify	\N	\N	\N	\N	\N	\N	\N	\N	\N	\N	\N	\N	\N	t	0	0	0	2018-01-21 20:19:17+01	2018-01-21 20:19:17+01
239	\N	\N	\N	\N	Joy_Runolfsdottir28@hotmail.com	$2a$12$oAJJwlhxUVtu6Vu6I.Ekeuu.MOHuD3IAYcoNMw/B4IXrQlzsGFWZq	\N	\N	normal	\N	\N	\N	\N	\N	\N	\N	\N	\N	\N	\N	\N	\N	f	0	0	0	2018-01-21 20:19:17+01	2018-01-21 20:19:17+01
240	\N	\N	\N	\N	Justyn.Abernathy17@yahoo.com	$.yaDayJTdsKNncw0Zj5fdOXA1nTYPiZNNdIqGi16rANaCoqsjW0uG	\N	\N	toverify	\N	\N	\N	\N	\N	\N	\N	\N	\N	\N	\N	\N	\N	t	0	0	0	2018-01-21 20:19:56+01	2018-01-21 20:19:56+01
241	\N	\N	\N	\N	Agustin_Doyle@hotmail.com	$2a$12$/cPLZ0CCg3CAkivHRnVTz.h6/nQzOlICZOGBUp2rvugusMK9RsyRm	\N	\N	normal	\N	\N	\N	\N	\N	\N	\N	\N	\N	\N	\N	\N	\N	f	0	0	0	2018-01-21 20:19:57+01	2018-01-21 20:19:57+01
242	\N	\N	\N	\N	Nova26@gmail.com	$05$ofg0vprf05bwrC2s6HQWEOExA8usFfH3rWKAgBsSD4NpHhDlpAlqS	\N	\N	toverify	\N	\N	\N	\N	\N	\N	\N	\N	\N	\N	\N	\N	\N	t	0	0	0	2018-01-21 20:21:25+01	2018-01-21 20:21:25+01
243	\N	\N	\N	\N	Cathrine_Witting@yahoo.com	$2a$12$yG5/sEDyneLk4p3bXUVXBefDFoYg4wR2UJx/NjGe15uH50cvG5i6q	\N	\N	normal	\N	\N	\N	\N	\N	\N	\N	\N	\N	\N	\N	\N	\N	f	0	0	0	2018-01-21 20:21:26+01	2018-01-21 20:21:26+01
244	\N	\N	\N	\N	Laurel54@yahoo.com	CsERWLis7yqum9SBS39E.1mcIjs.vDZjpZkqeV5l1LB2ShFAT7dS	\N	\N	toverify	\N	\N	\N	\N	\N	\N	\N	\N	\N	\N	\N	\N	\N	t	0	0	0	2018-01-21 20:23:22+01	2018-01-21 20:23:22+01
245	\N	\N	\N	\N	Icie1@hotmail.com	$2a$12$540ZunSrkKZHw5/rlSe3e.b7G6wuJAJz2hG8C9bEH3Nc7fTVRvSH6	\N	\N	normal	\N	\N	\N	\N	\N	\N	\N	\N	\N	\N	\N	\N	\N	f	0	0	0	2018-01-21 20:23:23+01	2018-01-21 20:23:23+01
246	\N	\N	\N	\N	Demond.Kiehn18@yahoo.com	$V9woQYUsaGBhHUNw9TmpVe5dcqjkzZ8wWg2.S6cdm7tH11JkcN9jK	\N	\N	toverify	\N	\N	\N	\N	\N	\N	\N	\N	\N	\N	\N	\N	\N	f	0	0	0	2018-01-21 20:23:43+01	2018-01-21 20:23:43+01
247	\N	\N	\N	\N	Tommie.Stoltenberg@gmail.com	$2a$12$2pIJMD1E4bBQj0RGz9XKkOOFvHGccvRAuJziRxqhIVBxS0GD9XUkG	\N	\N	normal	\N	\N	\N	\N	\N	\N	\N	\N	\N	\N	\N	\N	\N	f	0	0	0	2018-01-21 20:23:43+01	2018-01-21 20:23:43+01
248	\N	\N	\N	\N	Taya.Waters88@hotmail.com	$v59uGFv0719OwbpfHZQBAOV2Xwi5O4aRp1qen.vLya15ABzTSHadi	\N	\N	toverify	\N	\N	\N	\N	\N	\N	\N	\N	\N	\N	\N	\N	\N	f	0	0	0	2018-01-21 20:26:06+01	2018-01-21 20:26:06+01
249	\N	\N	\N	\N	Jaycee_Hudson@hotmail.com	$2a$12$Gyq7kvLV7ke4usbCMDT.4uqXdQOa/FhFcU/7zyd4hcFjRxVFY4Dg2	\N	\N	normal	\N	\N	\N	\N	\N	\N	\N	\N	\N	\N	\N	\N	\N	f	0	0	0	2018-01-21 20:26:07+01	2018-01-21 20:26:07+01
250	\N	\N	\N	\N	Millie9@gmail.com	5$UR2KNPGQ.Nw6WEqV0v2dNuiNPurIbQYobub4y37tWesGAOU/pXSZ.	\N	\N	toverify	\N	\N	\N	\N	\N	\N	\N	\N	\N	\N	\N	\N	\N	t	0	0	0	2018-01-24 18:56:35+01	2018-01-24 18:56:35+01
251	\N	\N	\N	\N	Kaycee_Vandervort51@hotmail.com	$2a$12$iS820pKjl/uXPxqwuDv34OCBlqKDsP/R9MNCqYakDvmiU8AuztyWa	\N	\N	normal	\N	\N	\N	\N	\N	\N	\N	\N	\N	\N	\N	\N	\N	f	0	0	0	2018-01-24 18:56:36+01	2018-01-24 18:56:36+01
252	\N	\N	\N	\N	Mandy_Gibson7@gmail.com	5$zoF3DYnsW5y.04eHKjOhyeFoDXA7aoXFql6f2qiz/xarSQO7O6m2e	\N	\N	toverify	\N	\N	\N	\N	\N	\N	\N	\N	\N	\N	\N	\N	\N	t	0	0	0	2018-01-24 18:56:39+01	2018-01-24 18:56:39+01
253	\N	\N	\N	\N	Melvina97@hotmail.com	$2a$12$zL7XbanZCquL5xAGOok8i.UGp/4c.lOsJqGFiPAdjJFqaHqCsrqDe	\N	\N	normal	\N	\N	\N	\N	\N	\N	\N	\N	\N	\N	\N	\N	\N	f	0	0	0	2018-01-24 18:56:39+01	2018-01-24 18:56:39+01
254	\N	\N	\N	\N	Hermina.White16@yahoo.com	05$wzqLitdgcbo93DxHqfIlB.a5Aqnz2QE6JfDW32UN1sGGfrWuqTxma	\N	\N	toverify	\N	\N	\N	\N	\N	\N	\N	\N	\N	\N	\N	\N	\N	t	0	0	0	2018-01-24 18:57:11+01	2018-01-24 18:57:11+01
255	\N	\N	\N	\N	Birdie38@hotmail.com	$2a$12$zEFWCey9IR9xxR9u/2L.auRkDeATUgSXsbUHryxS9JOwQcag40do6	\N	\N	normal	\N	\N	\N	\N	\N	\N	\N	\N	\N	\N	\N	\N	\N	f	0	0	0	2018-01-24 18:57:11+01	2018-01-24 18:57:11+01
256	\N	\N	\N	\N	Lucy.Mills@yahoo.com	$05$BqGVfHpsmrMa5QyC8KVG4eZB2z40tSAn2vWTXBkZ3kBKvb7rqRsli	\N	\N	toverify	\N	\N	\N	\N	\N	\N	\N	\N	\N	\N	\N	\N	\N	f	0	0	0	2018-01-24 18:57:13+01	2018-01-24 18:57:13+01
257	\N	\N	\N	\N	Abelardo.Stokes41@gmail.com	$2a$12$LbQppArLme/2GpW2Ms45Q.JOZn/acrjkqIyoXOmpL4a9jwb.jePcC	\N	\N	normal	\N	\N	\N	\N	\N	\N	\N	\N	\N	\N	\N	\N	\N	f	0	0	0	2018-01-24 18:57:14+01	2018-01-24 18:57:14+01
258	\N	\N	\N	\N	Valentin.Medhurst@hotmail.com	05$CADatvoStUyMQ.DM8h2TdOW8hfUrfAT9fC29PC05opzfvguLEPuLG	\N	\N	toverify	\N	\N	\N	\N	\N	\N	\N	\N	\N	\N	\N	\N	\N	f	0	0	0	2018-01-24 18:57:47+01	2018-01-24 18:57:47+01
259	\N	\N	\N	\N	Ashtyn94@gmail.com	$2a$12$Hgci/iz0KTTp7VF0C71pCOlX.Wxg1iSR.OzQq.1WsBoMqt9Ek3YwG	\N	\N	normal	\N	\N	\N	\N	\N	\N	\N	\N	\N	\N	\N	\N	\N	f	0	0	0	2018-01-24 18:57:47+01	2018-01-24 18:57:47+01
260	\N	\N	\N	\N	Doug_Mayert30@yahoo.com	$Madztb7oq8X8ukPTYZTFWeqkQLRZZ2yiOe8vzsmnrJOEceNQ6etaa	\N	\N	toverify	\N	\N	\N	\N	\N	\N	\N	\N	\N	\N	\N	\N	\N	f	0	0	0	2018-01-24 18:57:49+01	2018-01-24 18:57:49+01
261	\N	\N	\N	\N	Pasquale.Herman55@hotmail.com	$2a$12$dQUxq2EeUD.cL5gwevF8F.8tuol1/axNeIkrJlQjC/QMRJvcSNUaS	\N	\N	normal	\N	\N	\N	\N	\N	\N	\N	\N	\N	\N	\N	\N	\N	f	0	0	0	2018-01-24 18:57:50+01	2018-01-24 18:57:50+01
262	\N	\N	\N	\N	Jacinto.Harber@yahoo.com	$D3kt55kAJh57f8OR7.To7e7UlWVvIyt2rlN4WA2lfJKJ6TPqES65y	\N	\N	toverify	\N	\N	\N	\N	\N	\N	\N	\N	\N	\N	\N	\N	\N	f	0	0	0	2018-01-24 18:58:46+01	2018-01-24 18:58:46+01
263	\N	\N	\N	\N	Cali.Graham60@gmail.com	$2a$12$Kw.izyLzgZfkUHY7NkI4H.fb9yCvIPQorVot2jrZtUzLUYPP/6wh.	\N	\N	normal	\N	\N	\N	\N	\N	\N	\N	\N	\N	\N	\N	\N	\N	f	0	0	0	2018-01-24 18:58:46+01	2018-01-24 18:58:46+01
264	\N	\N	\N	\N	Jermaine_Orn@yahoo.com	b1Ge3xlj07yfPz0j5JNoXu3MQQV9nNnTa15G6zVby0ZoAYdyzHKYa	\N	\N	toverify	\N	\N	\N	\N	\N	\N	\N	\N	\N	\N	\N	\N	\N	t	0	0	0	2018-01-24 18:58:49+01	2018-01-24 18:58:49+01
265	\N	\N	\N	\N	Ferne.Olson@yahoo.com	$2a$12$tsVcxSN9FqZG8jYMgytmhutl8NQ3lrONBYEI6JUeg9hXt1wCmza4.	\N	\N	normal	\N	\N	\N	\N	\N	\N	\N	\N	\N	\N	\N	\N	\N	f	0	0	0	2018-01-24 18:58:49+01	2018-01-24 18:58:49+01
266	\N	\N	\N	\N	Augustus.Mills@gmail.com	$h605gSVh2UGJVvwgf6fcO.tdzwOy.FrCTTJjZZ7pf2vvjEzQyO7N.	\N	\N	toverify	\N	\N	\N	\N	\N	\N	\N	\N	\N	\N	\N	\N	\N	f	0	0	0	2018-01-24 18:59:16+01	2018-01-24 18:59:16+01
267	\N	\N	\N	\N	Rubye37@yahoo.com	$2a$12$CqAdZzv0lacR9IGZdvAOaOySDCds4q3C6HC3qowX2OqDcz5FnuaNS	\N	\N	normal	\N	\N	\N	\N	\N	\N	\N	\N	\N	\N	\N	\N	\N	f	0	0	0	2018-01-24 18:59:16+01	2018-01-24 18:59:16+01
268	\N	\N	\N	\N	German_Schultz16@hotmail.com	$05$R9Zy8Kc2g9v1YN98TyZk3e8XmuSH1NbVaYDkcRKr/hiNcPlvfluMS	\N	\N	toverify	\N	\N	\N	\N	\N	\N	\N	\N	\N	\N	\N	\N	\N	f	0	0	0	2018-01-24 18:59:18+01	2018-01-24 18:59:18+01
269	\N	\N	\N	\N	Ryan.Franecki86@hotmail.com	$2a$12$0nki30EMlprRNVTwIAO4UuqAqdzlwd0fClOKmQx79EtnHKSP7Pw3i	\N	\N	normal	\N	\N	\N	\N	\N	\N	\N	\N	\N	\N	\N	\N	\N	f	0	0	0	2018-01-24 18:59:19+01	2018-01-24 18:59:19+01
270	\N	\N	\N	\N	Hector.VonRueden64@gmail.com	gSnu2TJoJzOWN3c4MFVLCuudtgcAJZCbprbXAjIsq2XZgfktWfZBu	\N	\N	toverify	\N	\N	\N	\N	\N	\N	\N	\N	\N	\N	\N	\N	\N	t	0	0	0	2018-01-24 19:02:12+01	2018-01-24 19:02:12+01
271	\N	\N	\N	\N	Hayden.Koss@gmail.com	$2a$12$fDuMy9fvRXEROw6Tovtqiez7tKhms8QD4isvRPoW/79yzDKA2vGMa	\N	\N	normal	\N	\N	\N	\N	\N	\N	\N	\N	\N	\N	\N	\N	\N	f	0	0	0	2018-01-24 19:02:12+01	2018-01-24 19:02:12+01
272	\N	\N	\N	\N	Mortimer_Johnston@yahoo.com	LXhdjd52nQuLkC/4SaN2bOEggG6B6ZhoaBPd5A2rELZW4LlOpnPpC	\N	\N	toverify	\N	\N	\N	\N	\N	\N	\N	\N	\N	\N	\N	\N	\N	t	0	0	0	2018-01-24 19:02:15+01	2018-01-24 19:02:15+01
273	\N	\N	\N	\N	Jailyn47@yahoo.com	$2a$12$9SvxNxM9zgdm0NvraDJgsOiiZoi36j6V8C7ZkWmpC8CWsrsugbkdC	\N	\N	normal	\N	\N	\N	\N	\N	\N	\N	\N	\N	\N	\N	\N	\N	f	0	0	0	2018-01-24 19:02:15+01	2018-01-24 19:02:15+01
274	\N	\N	\N	\N	Verner93@hotmail.com	arIByHc6TVeBegRLib8SOGSnCFE5MpNDqAzFRvROBRgANb9tCH7u	\N	\N	toverify	\N	\N	\N	\N	\N	\N	\N	\N	\N	\N	\N	\N	\N	f	0	0	0	2018-01-24 19:04:46+01	2018-01-24 19:04:46+01
275	\N	\N	\N	\N	John.Schimmel@hotmail.com	$2a$12$KVKR8aoSudboRedobGMGnuvx0g7aqqnDN6KbkVvPW/syPkAo1j/Sq	\N	\N	normal	\N	\N	\N	\N	\N	\N	\N	\N	\N	\N	\N	\N	\N	f	0	0	0	2018-01-24 19:04:46+01	2018-01-24 19:04:46+01
276	\N	\N	\N	\N	Alisa65@hotmail.com	xmtz40Y8QM2dfPoMZ72mkO6EltuG46OD11yN.biujiM0h5Jg0UShS	\N	\N	toverify	\N	\N	\N	\N	\N	\N	\N	\N	\N	\N	\N	\N	\N	t	0	0	0	2018-01-24 19:04:48+01	2018-01-24 19:04:48+01
277	\N	\N	\N	\N	Else35@hotmail.com	$05$avltnBeRwBoVxeMN7LK4lOE0M6LvqfcdyE96zLJOTdrTexLd7fR5S	\N	\N	toverify	\N	\N	\N	\N	\N	\N	\N	\N	\N	\N	\N	\N	\N	t	0	0	0	2018-01-24 19:09:56+01	2018-01-24 19:09:56+01
278	\N	\N	\N	\N	Jordi_Ebert89@yahoo.com	$2a$12$RwsZEfwQRRIYlnF6A303UugSpcf1UxncBmYA7e7jZ75SfsUTa6Ari	\N	\N	normal	\N	\N	\N	\N	\N	\N	\N	\N	\N	\N	\N	\N	\N	f	0	0	0	2018-01-24 19:09:56+01	2018-01-24 19:09:56+01
279	\N	\N	\N	\N	Kamryn65@gmail.com	$05$oYIcPpwQJhTaOf6ENHYfyOEMF3irBm1m5IqXFe1ofiGpdcdBTwpxO	\N	\N	toverify	\N	\N	\N	\N	\N	\N	\N	\N	\N	\N	\N	\N	\N	t	0	0	0	2018-01-24 19:09:57+01	2018-01-24 19:09:57+01
280	\N	\N	\N	\N	Grayson49@hotmail.com	$2a$12$2fNk0q29SoIsGXohqOL/H.Jq4XZhHAa5tp6YnpHkY17rUeTe.ZNim	\N	\N	normal	\N	\N	\N	\N	\N	\N	\N	\N	\N	\N	\N	\N	\N	f	0	0	0	2018-01-24 19:09:58+01	2018-01-24 19:09:58+01
281	\N	\N	\N	\N	Katrine.Schultz@gmail.com	2o7dkwE0rqIF.hebeHPmouTgtxHOpYCq8wCfyfGU0LQ2CA29HSbh6	\N	\N	toverify	\N	\N	\N	\N	\N	\N	\N	\N	\N	\N	\N	\N	\N	t	0	0	0	2018-01-25 11:41:28+01	2018-01-25 11:41:28+01
282	\N	\N	\N	\N	Camryn_Zieme10@hotmail.com	$2a$12$ZkqIrvJalbDIpmdo3XavlukMjqWVHHvn.lpOSecUnqpccey4Ygn36	\N	\N	normal	\N	\N	\N	\N	\N	\N	\N	\N	\N	\N	\N	\N	\N	f	0	0	0	2018-01-25 11:41:29+01	2018-01-25 11:41:29+01
283	\N	\N	\N	\N	Brant_Zboncak@gmail.com	05$h0WEPzuN62ufCUkZAiZR.OTfN82IAyu0KTPERPcp7fW7g6pJu702W	\N	\N	toverify	\N	\N	\N	\N	\N	\N	\N	\N	\N	\N	\N	\N	\N	f	0	0	0	2018-01-25 11:41:32+01	2018-01-25 11:41:32+01
284	\N	\N	\N	\N	Dominic30@yahoo.com	$2a$12$7ELNzy3at0UEJ69lKJ1nb.uQ.25e6jOLwQYOJ7p9KTRmyq9ZH6kpK	\N	\N	normal	\N	\N	\N	\N	\N	\N	\N	\N	\N	\N	\N	\N	\N	f	0	0	0	2018-01-25 11:41:32+01	2018-01-25 11:41:32+01
285	\N	\N	\N	\N	Terrell_Kuhic@yahoo.com	$05$zQzsKgIdGCerNbBOaxj29.c1P5PkiuAsxELVUd8fcAulE85EsqnYe	\N	\N	toverify	\N	\N	\N	\N	\N	\N	\N	\N	\N	\N	\N	\N	\N	t	0	0	0	2018-01-25 11:49:20+01	2018-01-25 11:49:20+01
286	\N	\N	\N	\N	Trent.Nikolaus21@yahoo.com	$2a$12$0Me.wO1CT0WHTNqh.cfVY.QC.GPOwvtBELSP2PHJMTPI9Ao1QAovO	\N	\N	normal	\N	\N	\N	\N	\N	\N	\N	\N	\N	\N	\N	\N	\N	f	0	0	0	2018-01-25 11:49:21+01	2018-01-25 11:49:21+01
287	\N	\N	\N	\N	Colten_Walker82@gmail.com	WfMhRvQyLrG0k1vEB6BuuY82aHa6tS4XnJuFlwDi0L59JPgAOp0G	\N	\N	toverify	\N	\N	\N	\N	\N	\N	\N	\N	\N	\N	\N	\N	\N	f	0	0	0	2018-01-25 11:49:23+01	2018-01-25 11:49:23+01
288	\N	\N	\N	\N	Annabelle.Hauck56@gmail.com	$2a$12$R2Q6D109BWzD5yL6Vg1H7.w0RcD9YICdjugLLQuETaIoBf8coKUxy	\N	\N	normal	\N	\N	\N	\N	\N	\N	\N	\N	\N	\N	\N	\N	\N	f	0	0	0	2018-01-25 11:49:24+01	2018-01-25 11:49:24+01
289	\N	\N	\N	\N	Vernie_Schuppe@gmail.com	$05$F2RL9c7lmkkmAzWClab3m.qYuKRnxIoPTjyZn5Lb7sYzPAdFl8/0u	\N	\N	toverify	\N	\N	\N	\N	\N	\N	\N	\N	\N	\N	\N	\N	\N	f	0	0	0	2018-01-25 11:51:48+01	2018-01-25 11:51:48+01
290	\N	\N	\N	\N	Coby_Ritchie@yahoo.com	$2a$12$THAoBDcfyWKXUD/ht1fjP.YEgX41KHWgZPY.R1d5rWQOE2fHWrSHu	\N	\N	normal	\N	\N	\N	\N	\N	\N	\N	\N	\N	\N	\N	\N	\N	f	0	0	0	2018-01-25 11:51:48+01	2018-01-25 11:51:48+01
291	\N	\N	\N	\N	Kris_Osinski@yahoo.com	05$5yMVtM0eZXiEIPc53o3U0OwdujQmT1agsVukZpBbUfccsfkjcpK9u	\N	\N	toverify	\N	\N	\N	\N	\N	\N	\N	\N	\N	\N	\N	\N	\N	f	0	0	0	2018-01-25 11:51:51+01	2018-01-25 11:51:51+01
292	\N	\N	\N	\N	Bernardo_Mohr1@hotmail.com	$2a$12$Sb2Hwi3ZNS8QOencTPK0IOgH0iU9h8qja0aX7aYmsZ2lL8K1cCaIe	\N	\N	normal	\N	\N	\N	\N	\N	\N	\N	\N	\N	\N	\N	\N	\N	f	0	0	0	2018-01-25 11:51:51+01	2018-01-25 11:51:51+01
293	\N	\N	\N	\N	Laurine.Wisozk20@gmail.com	GlPH9wkCEvF.jlXZkhJQj.I0RovStwDPWb4N1OO5IiBiZo818LSxG	\N	\N	toverify	\N	\N	\N	\N	\N	\N	\N	\N	\N	\N	\N	\N	\N	f	0	0	0	2018-01-25 11:54:57+01	2018-01-25 11:54:57+01
294	\N	\N	\N	\N	Bennie22@hotmail.com	$2a$12$YL/v4ukdQab5BQSPnA8jgO3GJ30R59rxahEytxjfjS3lFs8WK/hey	\N	\N	normal	\N	\N	\N	\N	\N	\N	\N	\N	\N	\N	\N	\N	\N	f	0	0	0	2018-01-25 11:54:57+01	2018-01-25 11:54:57+01
295	\N	\N	\N	\N	Jasmin.Feeney@hotmail.com	REZV8mdX9oqAKHWS95L1U.PjNFpxcs6NQbVTP0DAgJQBLz7u8eOsK	\N	\N	toverify	\N	\N	\N	\N	\N	\N	\N	\N	\N	\N	\N	\N	\N	t	0	0	0	2018-01-25 11:54:58+01	2018-01-25 11:54:58+01
296	\N	\N	\N	\N	Felipe14@yahoo.com	$2a$12$OY3ehYtK6mnGIB2MOCZwT.djk1s34pV0IrmXadJJvKn7Iow2FI6.C	\N	\N	normal	\N	\N	\N	\N	\N	\N	\N	\N	\N	\N	\N	\N	\N	f	0	0	0	2018-01-25 11:54:59+01	2018-01-25 11:54:59+01
297	\N	\N	\N	\N	Rachelle_Okuneva17@gmail.com	05$wqnhT2kfrFdGqK.CPKPKOewOX4QMoc6Gj5owXN.YtUtdzzPMTJPHK	\N	\N	toverify	\N	\N	\N	\N	\N	\N	\N	\N	\N	\N	\N	\N	\N	t	0	0	0	2018-01-25 11:56:10+01	2018-01-25 11:56:10+01
298	\N	\N	\N	\N	Wilhelm0@yahoo.com	$2a$12$tL4lQG/Y2QUEWThxgGGgLeTXNUWfBbUfYIM3GwL9OsX0G2P6tI0ym	\N	\N	normal	\N	\N	\N	\N	\N	\N	\N	\N	\N	\N	\N	\N	\N	f	0	0	0	2018-01-25 11:56:10+01	2018-01-25 11:56:10+01
299	\N	\N	\N	\N	Savannah20@yahoo.com	05$ThOywNcAV5p5JJvyC6TgQebZF8kIif72dmN851MVvnRHKhz.4ZqVa	\N	\N	toverify	\N	\N	\N	\N	\N	\N	\N	\N	\N	\N	\N	\N	\N	t	0	0	0	2018-01-25 11:56:12+01	2018-01-25 11:56:12+01
300	\N	\N	\N	\N	Maribel3@gmail.com	$2a$12$mmZJf.D7qxy74v9A0vYc6.hRRt5iA4u0XyzoYE/5Jt4yA1hlULFLC	\N	\N	normal	\N	\N	\N	\N	\N	\N	\N	\N	\N	\N	\N	\N	\N	f	0	0	0	2018-01-25 11:56:12+01	2018-01-25 11:56:12+01
301	\N	\N	\N	\N	Adolf64@yahoo.com	05$j7S1G.q5vm7AXfT4eIJck.AR34QzX.4PMNPoE.LTqOEGSmEOeJCLy	\N	\N	toverify	\N	\N	\N	\N	\N	\N	\N	\N	\N	\N	\N	\N	\N	t	0	0	0	2018-01-25 12:31:28+01	2018-01-25 12:31:28+01
302	\N	\N	\N	\N	Naomi_Kautzer0@hotmail.com	$2a$12$KeHGy7gsWlXBwypLeWWjheZuN.h3n7b9Ng7Eom2cQpOkjxGgNx44u	\N	\N	normal	\N	\N	\N	\N	\N	\N	\N	\N	\N	\N	\N	\N	\N	f	0	0	0	2018-01-25 12:31:28+01	2018-01-25 12:31:28+01
303	\N	\N	\N	\N	Dessie_Boyle46@yahoo.com	$05$Fafv45sDpPixpliuLcVrvO.hIGpeHi9c6P7vlBxVwhuY21CqdevkK	\N	\N	toverify	\N	\N	\N	\N	\N	\N	\N	\N	\N	\N	\N	\N	\N	f	0	0	0	2018-01-25 12:31:41+01	2018-01-25 12:31:41+01
304	\N	\N	\N	\N	Anissa60@yahoo.com	$2a$12$JbRH2cmg8dfqAzK1Qa7qKuQe14fKlVYnNiiLcNSu7NWsa9YWoZ0N2	\N	\N	normal	\N	\N	\N	\N	\N	\N	\N	\N	\N	\N	\N	\N	\N	f	0	0	0	2018-01-25 12:31:41+01	2018-01-25 12:31:41+01
305	\N	\N	\N	\N	Felipe83@yahoo.com	05$XWaV4duymRpd.sVPTCUWn.F.4tdtYxenxn2tBhogIQWwBRJTgfWU2	\N	\N	toverify	\N	\N	\N	\N	\N	\N	\N	\N	\N	\N	\N	\N	\N	f	0	0	0	2018-01-25 12:31:42+01	2018-01-25 12:31:42+01
306	\N	\N	\N	\N	Reinhold49@gmail.com	$2a$12$sR//MQy2B/OCx8I5hOo35eIun8Hgwx0zQVw8jS/ARbLXTfZAYxJme	\N	\N	normal	\N	\N	\N	\N	\N	\N	\N	\N	\N	\N	\N	\N	\N	f	0	0	0	2018-01-25 12:31:42+01	2018-01-25 12:31:42+01
307	\N	\N	\N	\N	Andrew34@hotmail.com	$05$2eeyOTb6tn.Fb3lFUvRwCuXeIR0Q/gcG8KMk5kA.GnhBqXdUGUp1i	\N	\N	toverify	\N	\N	\N	\N	\N	\N	\N	\N	\N	\N	\N	\N	\N	f	0	0	0	2018-01-25 12:34:18+01	2018-01-25 12:34:18+01
308	\N	\N	\N	\N	Hunter.Kessler@gmail.com	$uzjCOK9L50PkSV1uJoNN9u8RfKgYUJjmsAOHUALnm8nIMzG3S1cse	\N	\N	toverify	\N	\N	\N	\N	\N	\N	\N	\N	\N	\N	\N	\N	\N	t	0	0	0	2018-01-25 12:34:18+01	2018-01-25 12:34:18+01
309	\N	\N	\N	\N	Lilla_Williamson36@hotmail.com	$2a$12$cjcNymUNi3ESiR7KGvg2cO9z9ieptZjDTdC4q37Ls0jQaB3oFnZWq	\N	\N	normal	\N	\N	\N	\N	\N	\N	\N	\N	\N	\N	\N	\N	\N	f	0	0	0	2018-01-25 12:34:18+01	2018-01-25 12:34:18+01
310	\N	\N	\N	\N	Dulce.Miller@hotmail.com	$2a$12$1VMQQa1HQuu1MgXzCNJHRuxxb8s4WhO5MVtDMy7zPtDYxb6/g76wq	\N	\N	normal	\N	\N	\N	\N	\N	\N	\N	\N	\N	\N	\N	\N	\N	f	0	0	0	2018-01-25 12:34:18+01	2018-01-25 12:34:18+01
311	\N	\N	\N	\N	Griffin_Rolfson73@yahoo.com	$1s5oE8yhk5TEXQaLtDx6u.9Zp48w3RRy7cb6yw3eTprLzESOs2zzS	\N	\N	toverify	\N	\N	\N	\N	\N	\N	\N	\N	\N	\N	\N	\N	\N	f	0	0	0	2018-01-25 12:38:18+01	2018-01-25 12:38:18+01
312	\N	\N	\N	\N	Eugene13@yahoo.com	$2a$12$/bYBODfU06pDkFXuQTvcGOYsW4Mf6j8rcN.e/NHPa8eL08IkFmkOi	\N	\N	normal	\N	\N	\N	\N	\N	\N	\N	\N	\N	\N	\N	\N	\N	f	0	0	0	2018-01-25 12:38:19+01	2018-01-25 12:38:19+01
313	\N	\N	\N	\N	Carlos.Hettinger79@yahoo.com	$05$PLj4h2ZiuJGdTATQvt5JpueCwJgT/jM2zSqSSITCvvffEbM0N9pvq	\N	\N	toverify	\N	\N	\N	\N	\N	\N	\N	\N	\N	\N	\N	\N	\N	t	0	0	0	2018-01-25 12:38:21+01	2018-01-25 12:38:21+01
314	\N	\N	\N	\N	Tristian_Jones25@hotmail.com	$2a$12$jQkNcnkpOsaY6EskYcTGnOfiaBaPjRQSEa.Qzcjs2l0nF9qb.Zw06	\N	\N	normal	\N	\N	\N	\N	\N	\N	\N	\N	\N	\N	\N	\N	\N	f	0	0	0	2018-01-25 12:38:22+01	2018-01-25 12:38:22+01
315	\N	\N	\N	\N	Seth.Gaylord@yahoo.com	IZHth8bH9HrKBbWMspmO0e5h2WJBPifhZqWZ27EIUHAD3tsxEMLky	\N	\N	toverify	\N	\N	\N	\N	\N	\N	\N	\N	\N	\N	\N	\N	\N	t	0	0	0	2018-01-25 12:39:41+01	2018-01-25 12:39:41+01
316	\N	\N	\N	\N	Judson16@hotmail.com	$2a$12$fHasx0LhySWSJWYrJeHk5umyVfevwXZbfrPKSAyFowb5t/rqCHdYm	\N	\N	normal	\N	\N	\N	\N	\N	\N	\N	\N	\N	\N	\N	\N	\N	f	0	0	0	2018-01-25 12:39:42+01	2018-01-25 12:39:42+01
317	\N	\N	\N	\N	Dora71@hotmail.com	$05$teV6XnrSiAJ5vwxzlcYB7.OprPATifcXcs2NTHyni2hl.oleXHXuu	\N	\N	toverify	\N	\N	\N	\N	\N	\N	\N	\N	\N	\N	\N	\N	\N	t	0	0	0	2018-01-25 12:39:43+01	2018-01-25 12:39:43+01
318	\N	\N	\N	\N	Antonette.Hermann@yahoo.com	$2a$12$xcGHiex6o/xqUsseNqZv6eaW9XE6QHxLHK8rkRAEgAZEULS27Rk0e	\N	\N	normal	\N	\N	\N	\N	\N	\N	\N	\N	\N	\N	\N	\N	\N	f	0	0	0	2018-01-25 12:39:43+01	2018-01-25 12:39:43+01
319	\N	\N	\N	\N	Donavon49@gmail.com	05$hOin691m2NstbGZgBzGrBeQh92msLURfTo9bqFH7DyYuWWLVPhVFi	\N	\N	toverify	\N	\N	\N	\N	\N	\N	\N	\N	\N	\N	\N	\N	\N	f	0	0	0	2018-01-25 12:41:32+01	2018-01-25 12:41:32+01
320	\N	\N	\N	\N	Berta22@hotmail.com	$2a$12$EhGhMeOXQaVd0mFPmyUnQuMAQkMm4X3OeDcmjsc8mON60ImQjOJR.	\N	\N	normal	\N	\N	\N	\N	\N	\N	\N	\N	\N	\N	\N	\N	\N	f	0	0	0	2018-01-25 12:41:32+01	2018-01-25 12:41:32+01
321	\N	\N	\N	\N	Lon99@hotmail.com	5$TYvBO.B5ymR5o093hQBuvuh36cHXYrcelz2Sp7tsgQnUyhXxbhblC	\N	\N	toverify	\N	\N	\N	\N	\N	\N	\N	\N	\N	\N	\N	\N	\N	f	0	0	0	2018-01-25 12:41:35+01	2018-01-25 12:41:35+01
322	\N	\N	\N	\N	Chase_Boyle@gmail.com	$2a$12$aadNsPWhqUCRGfVeRdZKoeMOvr0PFawXlM8dDzNAMxZ4GbxQUfig.	\N	\N	normal	\N	\N	\N	\N	\N	\N	\N	\N	\N	\N	\N	\N	\N	f	0	0	0	2018-01-25 12:41:35+01	2018-01-25 12:41:35+01
323	\N	\N	\N	\N	Randall35@gmail.com	5fQ2LxEWRZZIYk42iPo.v.V53gmu9hXZ8AMYCX8cqUFqpOGYjsBsC	\N	\N	toverify	\N	\N	\N	\N	\N	\N	\N	\N	\N	\N	\N	\N	\N	f	0	0	0	2018-01-25 12:42:19+01	2018-01-25 12:42:19+01
324	\N	\N	\N	\N	Dalton.Gulgowski@gmail.com	$2a$12$ZckjCKPDHcLbCo1ihjTv6.LCtO2J0qVfCAgofUqj/Tjvfj3f7vg4C	\N	\N	normal	\N	\N	\N	\N	\N	\N	\N	\N	\N	\N	\N	\N	\N	f	0	0	0	2018-01-25 12:42:20+01	2018-01-25 12:42:20+01
325	\N	\N	\N	\N	Rosella97@yahoo.com	m.fptE9jsPmueJyT7oIWOsRkyTPfcToPbrKAwI1ilptGX4FtFgRq	\N	\N	toverify	\N	\N	\N	\N	\N	\N	\N	\N	\N	\N	\N	\N	\N	f	0	0	0	2018-01-25 12:42:23+01	2018-01-25 12:42:23+01
326	\N	\N	\N	\N	Monique.Lehner95@gmail.com	$2a$12$a3WcrjtRmcr4xKERPY.tOe8KQdTmPR34498ErHDc2F1wPIs1XMWke	\N	\N	normal	\N	\N	\N	\N	\N	\N	\N	\N	\N	\N	\N	\N	\N	f	0	0	0	2018-01-25 12:42:23+01	2018-01-25 12:42:23+01
327	\N	\N	\N	\N	Hailee_Runolfsdottir6@yahoo.com	dOjQa26d5wLeQwqeeNomOUQe1oyjPbvEavJHvolmNE5E.rfzWBT6	\N	\N	toverify	\N	\N	\N	\N	\N	\N	\N	\N	\N	\N	\N	\N	\N	f	0	0	0	2018-01-25 12:48:07+01	2018-01-25 12:48:07+01
328	\N	\N	\N	\N	Gilberto.Balistreri@hotmail.com	$2a$12$EwMGxdOJEu/rGUvKQWzPrOrODmf/E0rv0ApcCWrxu0MHI4lmccLEy	\N	\N	normal	\N	\N	\N	\N	\N	\N	\N	\N	\N	\N	\N	\N	\N	f	0	0	0	2018-01-25 12:48:07+01	2018-01-25 12:48:07+01
329	\N	\N	\N	\N	Lizeth_Green79@gmail.com	5$M0dQj3lQQOgSbE.JlR8sJeEExgAdBM7cIU4DAw23iFQYomfdkS2WC	\N	\N	toverify	\N	\N	\N	\N	\N	\N	\N	\N	\N	\N	\N	\N	\N	t	0	0	0	2018-01-25 12:49:48+01	2018-01-25 12:49:48+01
330	\N	\N	\N	\N	Arnaldo.OReilly57@gmail.com	$2a$12$eDQAM679bws5Jh2A0U7VMeQXK1WJ9E72Q1uG0s2EzY6EHb/vCQeAO	\N	\N	normal	\N	\N	\N	\N	\N	\N	\N	\N	\N	\N	\N	\N	\N	f	0	0	0	2018-01-25 12:49:48+01	2018-01-25 12:49:48+01
331	\N	\N	\N	\N	Murray58@yahoo.com	1SPRnh5gf.heNkV2eV1YCeNLjKZlLAYCt7gp4iFx5ybIPxSl69bIq	\N	\N	toverify	\N	\N	\N	\N	\N	\N	\N	\N	\N	\N	\N	\N	\N	t	0	0	0	2018-01-25 12:49:52+01	2018-01-25 12:49:52+01
332	\N	\N	\N	\N	Harmony98@hotmail.com	$2a$12$0yYFHxKKyT/w/9yOBQWueOf7VhTmA0LxlpQynYBC3Rrczh5S781iO	\N	\N	normal	\N	\N	\N	\N	\N	\N	\N	\N	\N	\N	\N	\N	\N	f	0	0	0	2018-01-25 12:49:52+01	2018-01-25 12:49:52+01
333	\N	\N	\N	\N	America_Beahan74@gmail.com	parGr4yVMa36.46Xeme5yeg0nvceZPjZViMZCczRKKALwYqrJXrT.	\N	\N	toverify	\N	\N	\N	\N	\N	\N	\N	\N	\N	\N	\N	\N	\N	t	0	0	0	2018-01-25 12:53:19+01	2018-01-25 12:53:19+01
334	\N	\N	\N	\N	Alfreda40@yahoo.com	$2a$12$0FcMFwPS1BT.QgS7Mfh3b.r0QW3e3Ycx1WLAso6cEgV5NnGiw3Cza	\N	\N	normal	\N	\N	\N	\N	\N	\N	\N	\N	\N	\N	\N	\N	\N	f	0	0	0	2018-01-25 12:53:20+01	2018-01-25 12:53:20+01
335	\N	\N	\N	\N	Margarett.Senger@gmail.com	7cEjPDK2nrsglxn6yV3P2O.tsHHlSB0yMCxsbG3A6GFPk99LKR1ci	\N	\N	toverify	\N	\N	\N	\N	\N	\N	\N	\N	\N	\N	\N	\N	\N	f	0	0	0	2018-01-25 12:53:20+01	2018-01-25 12:53:20+01
336	\N	\N	\N	\N	Maxie33@yahoo.com	$2a$12$5gpdTGd6/cp1ShJXjkbEm.SkISLMAxODgbnBzLx0mD2I9ThBylPiW	\N	\N	normal	\N	\N	\N	\N	\N	\N	\N	\N	\N	\N	\N	\N	\N	f	0	0	0	2018-01-25 12:53:21+01	2018-01-25 12:53:21+01
337	\N	\N	\N	\N	Vladimir.Weber@yahoo.com	$05$eW7Bye3ZrqOUu9MXKJ6AfunggDgLbxNVDxuT8.MAvHmqqpT1Warby	\N	\N	toverify	\N	\N	\N	\N	\N	\N	\N	\N	\N	\N	\N	\N	\N	t	0	0	0	2018-01-25 12:54:09+01	2018-01-25 12:54:09+01
338	\N	\N	\N	\N	Jessika.Schmeler70@yahoo.com	$2a$12$SUDvNsEGNn5umIcL6g66venVeKp6g3d0VwmC/OIrvPT4pP7/zLfcG	\N	\N	normal	\N	\N	\N	\N	\N	\N	\N	\N	\N	\N	\N	\N	\N	f	0	0	0	2018-01-25 12:54:09+01	2018-01-25 12:54:09+01
339	\N	\N	\N	\N	Cynthia_Hills@hotmail.com	5$6dzjuQUNc0Qu2B.UWvJJF.XLimNnZ89hL2xKOq5uRPHiD2sGUXrYW	\N	\N	toverify	\N	\N	\N	\N	\N	\N	\N	\N	\N	\N	\N	\N	\N	t	0	0	0	2018-01-25 12:54:31+01	2018-01-25 12:54:31+01
340	\N	\N	\N	\N	Loy15@gmail.com	$2a$12$OE8RdHGvWIFDlJmLHT0/g.Hn1JEKt79uowU5C9/6AETtCEoiamG4e	\N	\N	normal	\N	\N	\N	\N	\N	\N	\N	\N	\N	\N	\N	\N	\N	f	0	0	0	2018-01-25 12:54:32+01	2018-01-25 12:54:32+01
341	\N	\N	\N	\N	Xavier25@gmail.com	QjGIRF71Z8SipUw9E6F2zuNvDjZcLT5NeD0h0I.ugCqTgnPvBDDFO	\N	\N	toverify	\N	\N	\N	\N	\N	\N	\N	\N	\N	\N	\N	\N	\N	f	0	0	0	2018-01-25 12:54:34+01	2018-01-25 12:54:34+01
342	\N	\N	\N	\N	Bernadette.Cummerata@gmail.com	$2a$12$FBSRThmzGFehn1miqJhTmu1uay/OEkZkxBoYx58yIR9ahDv5p2zZ6	\N	\N	normal	\N	\N	\N	\N	\N	\N	\N	\N	\N	\N	\N	\N	\N	f	0	0	0	2018-01-25 12:54:35+01	2018-01-25 12:54:35+01
343	\N	\N	\N	\N	Reginald.Bergstrom@gmail.com	wzfuE44ceS1eVmS9A5yCDe2FAFbLppnX2f37PngbQIRqyLTjlzB8G	\N	\N	toverify	\N	\N	\N	\N	\N	\N	\N	\N	\N	\N	\N	\N	\N	f	0	0	0	2018-01-25 12:59:36+01	2018-01-25 12:59:36+01
344	\N	\N	\N	\N	Alverta.Franecki@hotmail.com	$2a$12$919Al1sxQ4cf6XkQN/Wose.Za55jl1kNAfmZII4g/T4BpIzfc0.z2	\N	\N	normal	\N	\N	\N	\N	\N	\N	\N	\N	\N	\N	\N	\N	\N	f	0	0	0	2018-01-25 12:59:37+01	2018-01-25 12:59:37+01
345	\N	\N	\N	\N	Uriel.OReilly0@yahoo.com	$05$0907GiRI5pfoxb5J9Y1bOuDj919M.wSpAS82SdaCBJGw6JNn3O0Zu	\N	\N	toverify	\N	\N	\N	\N	\N	\N	\N	\N	\N	\N	\N	\N	\N	t	0	0	0	2018-01-25 12:59:39+01	2018-01-25 12:59:39+01
346	\N	\N	\N	\N	Branson32@hotmail.com	$2a$12$dD36PVBPtGlx6sGdEwRUwuo0cKIkD3ScbUFrg7pEDH5wo.ljvs/Nq	\N	\N	normal	\N	\N	\N	\N	\N	\N	\N	\N	\N	\N	\N	\N	\N	f	0	0	0	2018-01-25 12:59:39+01	2018-01-25 12:59:39+01
347	\N	\N	\N	\N	Bulah37@hotmail.com	$05$CvVymmu58CudnUTLvqxCZeoShtpzDwJ0Co8zhaHQ.Bjxc06MkcxN.	\N	\N	toverify	\N	\N	\N	\N	\N	\N	\N	\N	\N	\N	\N	\N	\N	f	0	0	0	2018-01-25 13:00:17+01	2018-01-25 13:00:17+01
349	\N	\N	\N	\N	Javon.Harber@gmail.com	mrTY1ABMmAZsnh.YEP8RSebSp1c4xYrPhesYFXBRIIIGkJ2fPqj..	\N	\N	toverify	\N	\N	\N	\N	\N	\N	\N	\N	\N	\N	\N	\N	\N	f	0	0	0	2018-01-25 13:00:17+01	2018-01-25 13:00:17+01
348	\N	\N	\N	\N	Jonatan9@hotmail.com	$2a$12$xUNGtX/DRiN5AnW/SaShaefbcExnHvBMMyffuhT3eHMhduQkOzqv.	\N	\N	normal	\N	\N	\N	\N	\N	\N	\N	\N	\N	\N	\N	\N	\N	f	0	0	0	2018-01-25 13:00:17+01	2018-01-25 13:00:17+01
350	\N	\N	\N	\N	Jameson_Boyer@yahoo.com	$2a$12$qzxoeSiELTVRk2I/a5wUdu4p5lMgkJFrjq.7sZ47l457U1YcdSnhW	\N	\N	normal	\N	\N	\N	\N	\N	\N	\N	\N	\N	\N	\N	\N	\N	f	0	0	0	2018-01-25 13:00:18+01	2018-01-25 13:00:18+01
351	\N	\N	\N	\N	Boris_Jast@gmail.com	$witP1DzUfsrZvmHbOvW4IeacbW.ji1TiCmGBS0aKb.5edZG4c2MXm	\N	\N	toverify	\N	\N	\N	\N	\N	\N	\N	\N	\N	\N	\N	\N	\N	t	0	0	0	2018-01-25 13:00:47+01	2018-01-25 13:00:47+01
353	\N	\N	\N	\N	Cassidy.Pfeffer@gmail.com	$05$rTSaYYK62qPjzjqSYLMXX.hx1jyAqaMaN7GHoSk8expkEGU7.6jgS	\N	\N	toverify	\N	\N	\N	\N	\N	\N	\N	\N	\N	\N	\N	\N	\N	f	0	0	0	2018-01-25 13:00:48+01	2018-01-25 13:00:48+01
352	\N	\N	\N	\N	Floy_Bergstrom60@hotmail.com	$2a$12$dD2GLUL.f.3j5foLhsUMAuHJz..oBR0c1vE1o2.ALLZJRXAhUZYaW	\N	\N	normal	\N	\N	\N	\N	\N	\N	\N	\N	\N	\N	\N	\N	\N	f	0	0	0	2018-01-25 13:00:48+01	2018-01-25 13:00:48+01
354	\N	\N	\N	\N	Claire.Steuber47@yahoo.com	$2a$12$fK22BzEhK7sUcz5m6iX3pONiIEmeirK8JU2N7IWUZ5m8PNQ/LbEHe	\N	\N	normal	\N	\N	\N	\N	\N	\N	\N	\N	\N	\N	\N	\N	\N	f	0	0	0	2018-01-25 13:00:48+01	2018-01-25 13:00:48+01
355	\N	\N	\N	\N	Blaze.Connelly@gmail.com	$05$EfXCNmC5Bg7MCoj6yo4L.eE15NA.Aaqi12hK06UfjT7BTHTLMnWcO	\N	\N	toverify	\N	\N	\N	\N	\N	\N	\N	\N	\N	\N	\N	\N	\N	f	0	0	0	2018-01-25 13:01:20+01	2018-01-25 13:01:20+01
356	\N	\N	\N	\N	Sanford_Walsh51@hotmail.com	$2a$12$JLr98gPgOnmYmwirqQriXOyENJ4t5fU681lKS9INluE0PPcNHlpS2	\N	\N	normal	\N	\N	\N	\N	\N	\N	\N	\N	\N	\N	\N	\N	\N	f	0	0	0	2018-01-25 13:01:20+01	2018-01-25 13:01:20+01
357	\N	\N	\N	\N	Destin87@yahoo.com	05$aYFk0VaI2xt42X2qxoTD3eYC95gUgQ8J8dOu5aYDalF11ay3WywnO	\N	\N	toverify	\N	\N	\N	\N	\N	\N	\N	\N	\N	\N	\N	\N	\N	f	0	0	0	2018-01-25 13:01:22+01	2018-01-25 13:01:22+01
358	\N	\N	\N	\N	Holden95@gmail.com	$2a$12$Az8hqnZWdXnLiRQfU4CLyeqIHZ09FSL98.m9PW5b4SRI9RB/FOsZC	\N	\N	normal	\N	\N	\N	\N	\N	\N	\N	\N	\N	\N	\N	\N	\N	f	0	0	0	2018-01-25 13:01:23+01	2018-01-25 13:01:23+01
359	\N	\N	\N	\N	Felix_Connelly@yahoo.com	KWCH24BeQCLQDYI18WEIub62Q.HlQQB78rLjlQIEAKiiVZfJnI26	\N	\N	toverify	\N	\N	\N	\N	\N	\N	\N	\N	\N	\N	\N	\N	\N	f	0	0	0	2018-01-25 13:02:32+01	2018-01-25 13:02:32+01
360	\N	\N	\N	\N	Khalid.Schuster@yahoo.com	$2a$12$5j3zUTBh3W.S4ay5yu1mXu3fexj9oy9CVZmwrwZa/v8yY0L4bO1ma	\N	\N	normal	\N	\N	\N	\N	\N	\N	\N	\N	\N	\N	\N	\N	\N	f	0	0	0	2018-01-25 13:02:33+01	2018-01-25 13:02:33+01
361	\N	\N	\N	\N	Esteban.Farrell23@yahoo.com	$t5RQo2VjebLkqt/IlvJh4u1SMc.R6jmIHqFRoqfuc3V9mtnB8o34u	\N	\N	toverify	\N	\N	\N	\N	\N	\N	\N	\N	\N	\N	\N	\N	\N	t	0	0	0	2018-01-25 13:02:34+01	2018-01-25 13:02:34+01
362	\N	\N	\N	\N	Cathy97@gmail.com	$2a$12$H.CjTsVqWI0vg.s.B/7TrOBxiSwg09kf9yCFt.nOLpFEOFEIt1eHm	\N	\N	normal	\N	\N	\N	\N	\N	\N	\N	\N	\N	\N	\N	\N	\N	f	0	0	0	2018-01-25 13:02:34+01	2018-01-25 13:02:34+01
363	\N	\N	\N	\N	Aryanna44@yahoo.com	$05$61K0kBLUcBWOvLkoEOVT8.dh4cAuA3ybGV6NQtdx4U7UtQU6VDQiC	\N	\N	toverify	\N	\N	\N	\N	\N	\N	\N	\N	\N	\N	\N	\N	\N	f	0	0	0	2018-01-25 13:03:32+01	2018-01-25 13:03:32+01
364	\N	\N	\N	\N	Laron_Mraz66@yahoo.com	$2a$12$jtmVSK2AFAhsPLBF89Hs/esJorL5yWgGJfW6bqOP62DDrOhLDUKSW	\N	\N	normal	\N	\N	\N	\N	\N	\N	\N	\N	\N	\N	\N	\N	\N	f	0	0	0	2018-01-25 13:03:33+01	2018-01-25 13:03:33+01
365	\N	\N	\N	\N	Alysha.Prohaska74@hotmail.com	$cwSidTrM9ekbQvCCIWhvy.YtGaxgk2tv6s/eygxgEFpu7dlmse3ay	\N	\N	toverify	\N	\N	\N	\N	\N	\N	\N	\N	\N	\N	\N	\N	\N	f	0	0	0	2018-01-25 13:04:02+01	2018-01-25 13:04:02+01
366	\N	\N	\N	\N	Ruthe_Barrows51@hotmail.com	$2a$12$4Nq5lyL57Xroxz0XYtUx2uqAkLsbbOB6jz9tXac8c4fFEvAbBpFnG	\N	\N	normal	\N	\N	\N	\N	\N	\N	\N	\N	\N	\N	\N	\N	\N	f	0	0	0	2018-01-25 13:04:03+01	2018-01-25 13:04:03+01
367	\N	\N	\N	\N	Dannie36@yahoo.com	$05$GZHGQAGJRTJWbEWvVsn8HexFmsbCDlG9jST8u8W2OIckyypxWZeXa	\N	\N	toverify	\N	\N	\N	\N	\N	\N	\N	\N	\N	\N	\N	\N	\N	t	0	0	0	2018-01-25 13:04:06+01	2018-01-25 13:04:06+01
368	\N	\N	\N	\N	Lacey4@hotmail.com	$2a$12$mHiJXpd1ZubmXutAMzXSbea/WyJ2TwEevwUBdKm5mUwsLt8SXTxEy	\N	\N	normal	\N	\N	\N	\N	\N	\N	\N	\N	\N	\N	\N	\N	\N	f	0	0	0	2018-01-25 13:04:06+01	2018-01-25 13:04:06+01
369	\N	\N	\N	\N	Jonathan_Koss98@hotmail.com	F1OsfJ1ctALEd9Zd6VqQeEh9jQRFXTP4rzoXfsSOI2i.LaP03e5m	\N	\N	toverify	\N	\N	\N	\N	\N	\N	\N	\N	\N	\N	\N	\N	\N	t	0	0	0	2018-01-25 13:06:48+01	2018-01-25 13:06:48+01
370	\N	\N	\N	\N	Zachariah.Schmidt@yahoo.com	$2a$12$SolEq4jG4WT4PleLdKPGwueTynv6T0QfjDwRg45rW/Kwv0b04t8ea	\N	\N	normal	\N	\N	\N	\N	\N	\N	\N	\N	\N	\N	\N	\N	\N	f	0	0	0	2018-01-25 13:06:49+01	2018-01-25 13:06:49+01
371	\N	\N	\N	\N	Benny_McGlynn@yahoo.com	h2bnAUjUQPmih3WA8dn1eTGf2ydyvs32FadIetvoG1wlvgtgHzrS	\N	\N	toverify	\N	\N	\N	\N	\N	\N	\N	\N	\N	\N	\N	\N	\N	f	0	0	0	2018-01-25 13:06:52+01	2018-01-25 13:06:52+01
372	\N	\N	\N	\N	Gunner.Durgan@yahoo.com	$iEjAmy12lxCTaRBAWsChPunSsfOddA3qt6biU4NrMvF6mcpBEkPji	\N	\N	toverify	\N	\N	\N	\N	\N	\N	\N	\N	\N	\N	\N	\N	\N	f	0	0	0	2018-01-25 13:06:52+01	2018-01-25 13:06:52+01
373	\N	\N	\N	\N	Maxime87@yahoo.com	$05$DGINOG0ISTZOa.yqBD8Sj.jJDgHD35VqieQWknQQHoDDxPQD0g9Vy	\N	\N	toverify	\N	\N	\N	\N	\N	\N	\N	\N	\N	\N	\N	\N	\N	f	0	0	0	2018-01-25 13:12:13+01	2018-01-25 13:12:13+01
374	\N	\N	\N	\N	Fern.Simonis@yahoo.com	$2a$12$v1/IEXTZx4wVJr2cXPwFkuHRZeod844k7.2hMPAmiKpE0R6bw7FA6	\N	\N	normal	\N	\N	\N	\N	\N	\N	\N	\N	\N	\N	\N	\N	\N	f	0	0	0	2018-01-25 13:12:13+01	2018-01-25 13:12:13+01
375	\N	\N	\N	\N	Hazel.Tillman8@yahoo.com	$05$IXinh2f1n581ZktGdb6CreZCt88UT.lAZ1rJ3WDqPZOJ7LPXt0Kn.	\N	\N	toverify	\N	\N	\N	\N	\N	\N	\N	\N	\N	\N	\N	\N	\N	t	0	0	0	2018-01-25 13:12:14+01	2018-01-25 13:12:14+01
376	\N	\N	\N	\N	Lisandro_Rosenbaum@yahoo.com	$2a$12$hTxs.NHbzzuL9JODFtH8WeCIjMpK4eR1AyKQwHlnCjumN5B5M4UN.	\N	\N	normal	\N	\N	\N	\N	\N	\N	\N	\N	\N	\N	\N	\N	\N	f	0	0	0	2018-01-25 13:12:14+01	2018-01-25 13:12:14+01
377	\N	\N	\N	\N	Tatyana_Walsh37@yahoo.com	05$2Zq1wAHKdLy3yGmlI2soX.21htz0Fbw8r2n.WYiD.wacMkgxzaqAq	\N	\N	toverify	\N	\N	\N	\N	\N	\N	\N	\N	\N	\N	\N	\N	\N	f	0	0	0	2018-01-25 13:12:43+01	2018-01-25 13:12:43+01
378	\N	\N	\N	\N	Samir.Quigley@yahoo.com	$2a$12$Byn791iNJ/.8WZv2IXcrSOBM3Vsk.eN7mPPvDNg7A5il/1rZVyQ.K	\N	\N	normal	\N	\N	\N	\N	\N	\N	\N	\N	\N	\N	\N	\N	\N	f	0	0	0	2018-01-25 13:12:44+01	2018-01-25 13:12:44+01
379	\N	\N	\N	\N	Tobin_Bednar@gmail.com	5$EE7mZXcb0vNvZgOx0lv3Pe7J22oAMLJkL8bKfM2Yni6BolXsPZ4Ba	\N	\N	toverify	\N	\N	\N	\N	\N	\N	\N	\N	\N	\N	\N	\N	\N	f	0	0	0	2018-01-25 13:12:44+01	2018-01-25 13:12:44+01
380	\N	\N	\N	\N	Green_Schaden@gmail.com	$2a$12$SLKRj541lZLayZM2Auyg/upr0SThya1M0AObMov6okmpGORQcsFrm	\N	\N	normal	\N	\N	\N	\N	\N	\N	\N	\N	\N	\N	\N	\N	\N	f	0	0	0	2018-01-25 13:12:45+01	2018-01-25 13:12:45+01
381	\N	\N	\N	\N	Ward10@hotmail.com	$05$AQtF0DPcG5d2EOOP06AabuC3vQwtQ9iRdO9BvE3m4ygc9Yiyw.gbS	\N	\N	toverify	\N	\N	\N	\N	\N	\N	\N	\N	\N	\N	\N	\N	\N	t	0	0	0	2018-01-25 13:17:13+01	2018-01-25 13:17:13+01
382	\N	\N	\N	\N	Mozell_Halvorson42@yahoo.com	$2a$12$WSa614So84wwAA/j2E3yQ.RI2SUZnuV6pgIMw/qcxjvs5mHCCQFDG	\N	\N	normal	\N	\N	\N	\N	\N	\N	\N	\N	\N	\N	\N	\N	\N	f	0	0	0	2018-01-25 13:17:13+01	2018-01-25 13:17:13+01
383	\N	\N	\N	\N	Annette_Gulgowski@hotmail.com	$05$kUsSkwv1ntSI9KJa4xzBe.E10Mdna0vvOEuNCaHiWtRdnlNYsR24.	\N	\N	toverify	\N	\N	\N	\N	\N	\N	\N	\N	\N	\N	\N	\N	\N	f	0	0	0	2018-01-25 13:19:22+01	2018-01-25 13:19:22+01
384	\N	\N	\N	\N	Keely40@gmail.com	$2a$12$VXMG0IYyCHrmeYQ7bhnRA.CkPwbuDM0aisvP88Vv5Oogzgeo/sH7a	\N	\N	normal	\N	\N	\N	\N	\N	\N	\N	\N	\N	\N	\N	\N	\N	f	0	0	0	2018-01-25 13:19:22+01	2018-01-25 13:19:22+01
385	\N	\N	\N	\N	Vernon.Mohr@yahoo.com	05$hrwLQo6Io9bkBpGZxTDiUeJxgcflRTaSoZD0VRXabX9HIfbWEBMM.	\N	\N	toverify	\N	\N	\N	\N	\N	\N	\N	\N	\N	\N	\N	\N	\N	t	0	0	0	2018-01-25 13:19:23+01	2018-01-25 13:19:23+01
386	\N	\N	\N	\N	Jairo.Osinski@gmail.com	$2a$12$zJYJR1DppzynIb.E4RpS8eXVnt40CsH9ADLkNFLYi6y/tm6z.Lzpm	\N	\N	normal	\N	\N	\N	\N	\N	\N	\N	\N	\N	\N	\N	\N	\N	f	0	0	0	2018-01-25 13:19:24+01	2018-01-25 13:19:24+01
387	\N	\N	\N	\N	Deangelo.Abshire25@yahoo.com	5$TYdOYGiGZs0WNUnQXu.g.OkXRxsre4KUHgmbYZGTDK.Iz6lr2bM.m	\N	\N	toverify	\N	\N	\N	\N	\N	\N	\N	\N	\N	\N	\N	\N	\N	f	0	0	0	2018-01-26 18:17:15+01	2018-01-26 18:17:15+01
388	\N	\N	\N	\N	Ervin28@yahoo.com	$2a$12$.LF.q8Uyq2wzPnoPJ15DZ.YfPz1vLuH.wDoQqQPwaII0W8debrr8W	\N	\N	normal	\N	\N	\N	\N	\N	\N	\N	\N	\N	\N	\N	\N	\N	f	0	0	0	2018-01-26 18:17:16+01	2018-01-26 18:17:16+01
389	\N	\N	\N	\N	Jennings.Romaguera@hotmail.com	5$r9rNjL2fVIJ9zJ4SmvTsWOaANcF62iwRQihI5LwsmD2njQcUPoJWO	\N	\N	toverify	\N	\N	\N	\N	\N	\N	\N	\N	\N	\N	\N	\N	\N	t	0	0	0	2018-01-26 18:17:21+01	2018-01-26 18:17:21+01
390	\N	\N	\N	\N	Velva14@hotmail.com	$2a$12$AeQnEFWw3mUiES7pHmgJHeyBBKD.LLoEdm/QjnZ6ygBiptzm9y4Ha	\N	\N	normal	\N	\N	\N	\N	\N	\N	\N	\N	\N	\N	\N	\N	\N	f	0	0	0	2018-01-26 18:17:21+01	2018-01-26 18:17:21+01
391	\N	\N	\N	\N	Johathan.Goodwin@hotmail.com	YSbU6.pU8gvQjBk9auzj.1ctDnGGsjnx7aHY4pVU1uHUlkaX3llS	\N	\N	toverify	\N	\N	\N	\N	\N	\N	\N	\N	\N	\N	\N	\N	\N	f	0	0	0	2018-01-26 18:39:53+01	2018-01-26 18:39:53+01
392	\N	\N	\N	\N	Loyal35@yahoo.com	$2a$12$r5CPQ8y9nEaAfQtm61V73.z7LIG9YHtUScjBPU6p3cGrwM.xkuyzm	\N	\N	normal	\N	\N	\N	\N	\N	\N	\N	\N	\N	\N	\N	\N	\N	f	0	0	0	2018-01-26 18:39:53+01	2018-01-26 18:39:53+01
393	\N	\N	\N	\N	Vernon_Kreiger31@hotmail.com	0hN0g3W.SbR6r1rsokWoODcNsfsDJ687rI0vz3GX2vBR/q/fg05C	\N	\N	toverify	\N	\N	\N	\N	\N	\N	\N	\N	\N	\N	\N	\N	\N	f	0	0	0	2018-01-26 18:39:55+01	2018-01-26 18:39:55+01
394	\N	\N	\N	\N	Johnny.Pacocha66@yahoo.com	$2a$12$e629Xr2TcGEpa76Dq2jGvOCqvDAyGRb9jjrrGekF08HJkIyf9UCB2	\N	\N	normal	\N	\N	\N	\N	\N	\N	\N	\N	\N	\N	\N	\N	\N	f	0	0	0	2018-01-26 18:39:55+01	2018-01-26 18:39:55+01
395	\N	\N	\N	\N	Collin16@yahoo.com	$xZj0WRyMgz14M6Q8HPyTFuVYowNpk5lO42K6VZkmFmiuouemgE8PO	\N	\N	toverify	\N	\N	\N	\N	\N	\N	\N	\N	\N	\N	\N	\N	\N	f	0	0	0	2018-01-27 10:56:10+01	2018-01-27 10:56:10+01
396	\N	\N	\N	\N	Marquise_Wolf@gmail.com	$2a$12$WXZasInGrWIC9fzR9DVHOOBe7MTMNpC7aQlEYD1EJ1TC7y3QlFeuK	\N	\N	normal	\N	\N	\N	\N	\N	\N	\N	\N	\N	\N	\N	\N	\N	f	0	0	0	2018-01-27 10:56:11+01	2018-01-27 10:56:11+01
397	\N	\N	\N	\N	Garnett.Weimann88@yahoo.com	GuU4sWYP8jYGCDPOjKSauNzTvG2ENSnDmimkNqCCQ5u0Xdkva5v6	\N	\N	toverify	\N	\N	\N	\N	\N	\N	\N	\N	\N	\N	\N	\N	\N	f	0	0	0	2018-01-27 10:56:14+01	2018-01-27 10:56:14+01
398	\N	\N	\N	\N	Cristal36@yahoo.com	$2a$12$QkhSnC3aw5sEBqR98gxiaODYvOZdPRpDQME9LVntFA0foW04GGvi6	\N	\N	normal	\N	\N	\N	\N	\N	\N	\N	\N	\N	\N	\N	\N	\N	f	0	0	0	2018-01-27 10:56:15+01	2018-01-27 10:56:15+01
399	\N	\N	\N	\N	Mikayla_Hane94@yahoo.com	x2NcTdnHiP2xpzSep7bc.RqtArKbFMIJ9czoyAhY8CsPYjvEPuty	\N	\N	toverify	\N	\N	\N	\N	\N	\N	\N	\N	\N	\N	\N	\N	\N	t	0	0	0	2018-01-27 11:36:47+01	2018-01-27 11:36:47+01
400	\N	\N	\N	\N	Edwina33@gmail.com	$2a$12$Oe.cqxusb21PlGgINNSIdeoeuN5osbwBGD67HqW4eHE0yA7DNH2ti	\N	\N	normal	\N	\N	\N	\N	\N	\N	\N	\N	\N	\N	\N	\N	\N	f	0	0	0	2018-01-27 11:36:47+01	2018-01-27 11:36:47+01
401	\N	\N	\N	\N	Jewel14@gmail.com	$PE2epS5yHbRo5m.MekMOBege5ta55NZ3eApjxGPyGMfcjNybz.4ba	\N	\N	toverify	\N	\N	\N	\N	\N	\N	\N	\N	\N	\N	\N	\N	\N	t	0	0	0	2018-01-27 11:37:41+01	2018-01-27 11:37:41+01
402	\N	\N	\N	\N	Quinton_Rolfson41@yahoo.com	$2a$12$x3DgwpFxqBNvACYeozAC2.veCVmLJCM6eVGj/XoId5Y.q9uXEPDNG	\N	\N	normal	\N	\N	\N	\N	\N	\N	\N	\N	\N	\N	\N	\N	\N	f	0	0	0	2018-01-27 11:37:42+01	2018-01-27 11:37:42+01
403	\N	\N	\N	\N	Velda79@yahoo.com	05$6ebR6RKM3kzlprNPVtrBs.8Fds.3L.zvq0fw3Jhq2ZpvIyFxzGuqC	\N	\N	toverify	\N	\N	\N	\N	\N	\N	\N	\N	\N	\N	\N	\N	\N	t	0	0	0	2018-01-27 11:38:21+01	2018-01-27 11:38:21+01
404	\N	\N	\N	\N	Brendan_Pouros@hotmail.com	$2a$12$nr4etfJUVAs2ENeXKZU8muxEXMSZVgLsEJvfNuy2.qv6FIjfsJ1aG	\N	\N	normal	\N	\N	\N	\N	\N	\N	\N	\N	\N	\N	\N	\N	\N	f	0	0	0	2018-01-27 11:38:22+01	2018-01-27 11:38:22+01
405	\N	\N	\N	\N	Carroll89@hotmail.com	HdAP.g.0NY8L5fkvg0r1OsUXGiJE2J5Q5J9UJnAu0XvzuS8Sktkm	\N	\N	toverify	\N	\N	\N	\N	\N	\N	\N	\N	\N	\N	\N	\N	\N	f	0	0	0	2018-01-27 11:39:03+01	2018-01-27 11:39:03+01
406	\N	\N	\N	\N	Albina_Volkman95@gmail.com	$2a$12$ymtffP7L1Tt0DqQ.ZLzNjuOqKI4.c.8AdH4J/UW1VmMy5KBeocvuS	\N	\N	normal	\N	\N	\N	\N	\N	\N	\N	\N	\N	\N	\N	\N	\N	f	0	0	0	2018-01-27 11:39:03+01	2018-01-27 11:39:03+01
407	\N	\N	\N	\N	Clemmie.Koepp@hotmail.com	5$ONys2XQXJzKVdcl1QfK0NOJryIOkQquzQwPj6JlKjpgjVN9OkNG7C	\N	\N	toverify	\N	\N	\N	\N	\N	\N	\N	\N	\N	\N	\N	\N	\N	t	0	0	0	2018-01-27 11:40:41+01	2018-01-27 11:40:41+01
408	\N	\N	\N	\N	Grace.Kutch@yahoo.com	$2a$12$2IbN4yNlcgH7J99XybHmH.9GBdvncq4hLLgPf48/hITnb/uYTM9ni	\N	\N	normal	\N	\N	\N	\N	\N	\N	\N	\N	\N	\N	\N	\N	\N	f	0	0	0	2018-01-27 11:40:41+01	2018-01-27 11:40:41+01
409	\N	\N	\N	\N	Gregoria46@hotmail.com	05$RV7UVRs5MT39ELzuWXfA5.LoI5wJJLRQggaJDJhexlnFVDrl.KAHa	\N	\N	toverify	\N	\N	\N	\N	\N	\N	\N	\N	\N	\N	\N	\N	\N	f	0	0	0	2018-01-27 11:40:57+01	2018-01-27 11:40:57+01
410	\N	\N	\N	\N	Carmen.Nolan10@gmail.com	$2a$12$DySkieaG.8GEI7Uq31cle.ItpYkJFL8rXhtYSHGpdjy7jM54tDAMG	\N	\N	normal	\N	\N	\N	\N	\N	\N	\N	\N	\N	\N	\N	\N	\N	f	0	0	0	2018-01-27 11:40:58+01	2018-01-27 11:40:58+01
411	\N	\N	\N	\N	Sheila97@yahoo.com	05$vZY2.GgsArR5ruoU.dI.lOW2x.57qABfhVSf45Dxd.QPCVdIk5dne	\N	\N	toverify	\N	\N	\N	\N	\N	\N	\N	\N	\N	\N	\N	\N	\N	t	0	0	0	2018-01-27 11:42:57+01	2018-01-27 11:42:57+01
412	\N	\N	\N	\N	Elton.Kuhic@hotmail.com	$2a$12$i1V0Vqr6UhNOgAAz4dEi8Ow1Pv3zZbWR2NaVQr07pRAjEWqK38BXO	\N	\N	normal	\N	\N	\N	\N	\N	\N	\N	\N	\N	\N	\N	\N	\N	f	0	0	0	2018-01-27 11:42:58+01	2018-01-27 11:42:58+01
413	\N	\N	\N	\N	Terrence_Toy@yahoo.com	$05$mq3qkChsUMCTKWFacX2mKe7n6pEVRbbH5bbL9C9DJEFkXdH4khbaG	\N	\N	toverify	\N	\N	\N	\N	\N	\N	\N	\N	\N	\N	\N	\N	\N	f	0	0	0	2018-01-27 11:44:30+01	2018-01-27 11:44:30+01
414	\N	\N	\N	\N	Era13@gmail.com	$2a$12$6KvtzDdYxq7x.MJ0CcYrcOHcACydia860SrXXTJ40z5p5hFXRsWeO	\N	\N	normal	\N	\N	\N	\N	\N	\N	\N	\N	\N	\N	\N	\N	\N	f	0	0	0	2018-01-27 11:44:31+01	2018-01-27 11:44:31+01
415	\N	\N	\N	\N	Frederique_Mitchell@yahoo.com	u77SZ1hV3954R9BEjybaeUcY1ORPZXBSGp0y2iDlz5U8ztGdp84K	\N	\N	toverify	\N	\N	\N	\N	\N	\N	\N	\N	\N	\N	\N	\N	\N	f	0	0	0	2018-01-27 11:44:42+01	2018-01-27 11:44:42+01
416	\N	\N	\N	\N	Myah.Bergnaum@gmail.com	$2a$12$ab9gNApbdHUP0f9CG9KsoeYSKLK0LDcI5Uy1.LVeJT4w./y5oydnu	\N	\N	normal	\N	\N	\N	\N	\N	\N	\N	\N	\N	\N	\N	\N	\N	f	0	0	0	2018-01-27 11:44:43+01	2018-01-27 11:44:43+01
417	\N	\N	\N	\N	Nigel.OConnell69@gmail.com	5$nWeV8rc2ggSG9O.aMUGT0eDosDRvn0gj.ZldOGAKgEbRqsdHw6g/y	\N	\N	toverify	\N	\N	\N	\N	\N	\N	\N	\N	\N	\N	\N	\N	\N	f	0	0	0	2018-01-29 10:15:10+01	2018-01-29 10:15:10+01
418	\N	\N	\N	\N	Jett_Kassulke37@yahoo.com	$2a$12$fR5x1M/QocftoRgzxi2wiOdb/RPnSB11JF/8eEFjXIrQXrjOYoO1C	\N	\N	normal	\N	\N	\N	\N	\N	\N	\N	\N	\N	\N	\N	\N	\N	f	0	0	0	2018-01-29 10:15:11+01	2018-01-29 10:15:11+01
419	\N	\N	\N	\N	Elva.Hilll@yahoo.com	5$bFQ2M2OwrF9MTSCLCchpJuygUPVUd4HDLVLL/jDmQBEHiCN9giDlO	\N	\N	toverify	\N	\N	\N	\N	\N	\N	\N	\N	\N	\N	\N	\N	\N	t	0	0	0	2018-01-29 10:28:47+01	2018-01-29 10:28:47+01
420	\N	\N	\N	\N	Akeem.McKenzie60@gmail.com	$2a$12$DI4GcFSqggymCmMLwmzE7.HVK9eyjAafxyCrhY5S0PCPbzw2vvBnu	\N	\N	normal	\N	\N	\N	\N	\N	\N	\N	\N	\N	\N	\N	\N	\N	f	0	0	0	2018-01-29 10:28:48+01	2018-01-29 10:28:48+01
421	\N	\N	\N	\N	Damian.Leuschke@yahoo.com	5$oaxOSI30hPY7Xtv6.UxZWO2rqrQWzrbTod4Yq9xIx8tv3aaY6Mlfm	\N	\N	toverify	\N	\N	\N	\N	\N	\N	\N	\N	\N	\N	\N	\N	\N	f	0	0	0	2018-01-29 10:36:43+01	2018-01-29 10:36:43+01
422	\N	\N	\N	\N	Abner97@yahoo.com	$2a$12$30DkYAjTZTf8GgffNIKaGusDyJqSz6UJDHfYfoHd.nEXCRmwImpU.	\N	\N	normal	\N	\N	\N	\N	\N	\N	\N	\N	\N	\N	\N	\N	\N	f	0	0	0	2018-01-29 10:36:44+01	2018-01-29 10:36:44+01
423	\N	\N	\N	\N	Carlo53@gmail.com	$05$LUT7TMHRabMm6Es9SaN92u6iTfT2DQ2h/T6ew6BTEV7S1NgLaTI/S	\N	\N	toverify	\N	\N	\N	\N	\N	\N	\N	\N	\N	\N	\N	\N	\N	t	0	0	0	2018-01-29 10:57:48+01	2018-01-29 10:57:48+01
424	\N	\N	\N	\N	Hillard87@yahoo.com	$2a$12$pPttMOeIAnBI55X.eHbNbeNOu9PwAdJ/.X/rYGOQukki1gvfGvsQm	\N	\N	normal	\N	\N	\N	\N	\N	\N	\N	\N	\N	\N	\N	\N	\N	f	0	0	0	2018-01-29 10:57:49+01	2018-01-29 10:57:49+01
425	\N	\N	\N	\N	Lonzo_Kemmer@yahoo.com	5$l2cpvCFdXLA2wET.RDgSTORbVlIEPN34qkbXD1pALmpuovEffJ8ly	\N	\N	toverify	\N	\N	\N	\N	\N	\N	\N	\N	\N	\N	\N	\N	\N	f	0	0	0	2018-01-29 10:58:22+01	2018-01-29 10:58:22+01
426	\N	\N	\N	\N	Marcellus.Gottlieb@hotmail.com	$2a$12$MzHY5XwSmCflzhnaOpe.W.5sXymBGrNg0sgpGXQddWvf4aOvAMN3K	\N	\N	normal	\N	\N	\N	\N	\N	\N	\N	\N	\N	\N	\N	\N	\N	f	0	0	0	2018-01-29 10:58:22+01	2018-01-29 10:58:22+01
427	\N	\N	\N	\N	Anissa.Prosacco11@gmail.com	05$AP7Zwdfmzj11bSNTBcbYNuSF1rUVPjYmkj2TVeaq.olLORtD0W/22	\N	\N	toverify	\N	\N	\N	\N	\N	\N	\N	\N	\N	\N	\N	\N	\N	f	0	0	0	2018-01-29 10:58:35+01	2018-01-29 10:58:35+01
428	\N	\N	\N	\N	Alessia.Walsh@hotmail.com	$2a$12$x9olBfJANkf/T0cE7w90buaKMrwhhnrKoAWvko1faEn50wm4zBKiq	\N	\N	normal	\N	\N	\N	\N	\N	\N	\N	\N	\N	\N	\N	\N	\N	f	0	0	0	2018-01-29 10:58:35+01	2018-01-29 10:58:35+01
429	\N	\N	\N	\N	Shad.Buckridge@hotmail.com	$gyIHwrQSt4ZCDJPqR8kREetJnNWzev8TAvBxk24hUICUWZ5XiXfAe	\N	\N	toverify	\N	\N	\N	\N	\N	\N	\N	\N	\N	\N	\N	\N	\N	t	0	0	0	2018-01-29 11:08:02+01	2018-01-29 11:08:02+01
430	\N	\N	\N	\N	Desiree_Becker64@hotmail.com	$2a$12$54j1p3KfXIanpxnwyQUKweJLGt2.GK1cbuLBCM8.N3zKvHk3yS5s6	\N	\N	normal	\N	\N	\N	\N	\N	\N	\N	\N	\N	\N	\N	\N	\N	f	0	0	0	2018-01-29 11:08:03+01	2018-01-29 11:08:03+01
431	\N	\N	\N	\N	Lucius28@hotmail.com	dT3kYYpRyM1Xe9ztsfRheHDqSKH0GnQOTgSHNWji34uQ.YanVF7q	\N	\N	toverify	\N	\N	\N	\N	\N	\N	\N	\N	\N	\N	\N	\N	\N	f	0	0	0	2018-01-29 11:12:03+01	2018-01-29 11:12:03+01
432	\N	\N	\N	\N	Ernie.Tromp91@gmail.com	$2a$12$B4m1v5iSmQSg3PeBsieVdelr/utQrDUt42EIT2BXJI6faHjLx4zmi	\N	\N	normal	\N	\N	\N	\N	\N	\N	\N	\N	\N	\N	\N	\N	\N	f	0	0	0	2018-01-29 11:12:03+01	2018-01-29 11:12:03+01
433	\N	\N	\N	\N	Heather59@yahoo.com	05$lDEEjvSxBh8LWPD9SUHEp.aS5ixCxllG1G01y6JpSYCObC2bSIWje	\N	\N	toverify	\N	\N	\N	\N	\N	\N	\N	\N	\N	\N	\N	\N	\N	t	0	0	0	2018-01-29 12:25:29+01	2018-01-29 12:25:29+01
434	\N	\N	\N	\N	Jack_Terry59@hotmail.com	$2a$12$S/SZ/GppE2Bzs0irDsKZZOa5Ksjc.zKELEs5EL8s5F7HHg2o.uKXW	\N	\N	normal	\N	\N	\N	\N	\N	\N	\N	\N	\N	\N	\N	\N	\N	f	0	0	0	2018-01-29 12:25:30+01	2018-01-29 12:25:30+01
435	\N	\N	\N	\N	Malvina86@yahoo.com	5i2dB266a9i.YIdytmH9O.oYejZEp4eIWDRK83XSrJlCrJvDjBt7m	\N	\N	toverify	\N	\N	\N	\N	\N	\N	\N	\N	\N	\N	\N	\N	\N	f	0	0	0	2018-01-29 12:26:13+01	2018-01-29 12:26:13+01
436	\N	\N	\N	\N	Burnice.Nienow34@yahoo.com	$2a$12$j31uEIRGyqhzpMn3dL9nZuw3yXWXU00rJ15fl.Jna0yUf32ZPO2fK	\N	\N	normal	\N	\N	\N	\N	\N	\N	\N	\N	\N	\N	\N	\N	\N	f	0	0	0	2018-01-29 12:26:13+01	2018-01-29 12:26:13+01
437	\N	\N	\N	\N	Macy.Sporer81@gmail.com	WlwI4gTBykY3qoJGvyefxuewZ99nJG4N2bIrEOmHlUy8HxLFKL8v6	\N	\N	toverify	\N	\N	\N	\N	\N	\N	\N	\N	\N	\N	\N	\N	\N	f	0	0	0	2018-01-29 12:28:12+01	2018-01-29 12:28:12+01
438	\N	\N	\N	\N	Nelson96@gmail.com	$2a$12$QQ.kKKJUaJvsJa5KBmyMtOmvrTmmFUje.KksTCcalUe8KRZt7XNwG	\N	\N	normal	\N	\N	\N	\N	\N	\N	\N	\N	\N	\N	\N	\N	\N	f	0	0	0	2018-01-29 12:28:12+01	2018-01-29 12:28:12+01
439	\N	\N	\N	\N	Marjory97@yahoo.com	$QgFuPVHMUMS3yApQYLD61.gNy66OtZwOcFkuT6IwKMojSWkd920su	\N	\N	toverify	\N	\N	\N	\N	\N	\N	\N	\N	\N	\N	\N	\N	\N	t	0	0	0	2018-01-29 12:33:38+01	2018-01-29 12:33:38+01
440	\N	\N	\N	\N	Lisandro_Stokes9@gmail.com	$2a$12$A5oN8lFs5wbyoq2bwRwKNuxaGSk.1xFpNyrJxP512cnIKu.9BIiN.	\N	\N	normal	\N	\N	\N	\N	\N	\N	\N	\N	\N	\N	\N	\N	\N	f	0	0	0	2018-01-29 12:33:38+01	2018-01-29 12:33:38+01
441	\N	\N	\N	\N	Garrick_Breitenberg50@yahoo.com	5$CL2XE2QrI/9ryiGeiAbXDusPCJznhq4/GDYgBr5KviTFkAdQE6JIe	\N	\N	toverify	\N	\N	\N	\N	\N	\N	\N	\N	\N	\N	\N	\N	\N	t	0	0	0	2018-01-29 12:35:32+01	2018-01-29 12:35:32+01
442	\N	\N	\N	\N	Drake_Bogisich0@yahoo.com	$2a$12$rZ80n6JPts0uBx1rUcv8BOd8fYpHDdoWSH1YvRaW4WGUykvGzn2Ay	\N	\N	normal	\N	\N	\N	\N	\N	\N	\N	\N	\N	\N	\N	\N	\N	f	0	0	0	2018-01-29 12:35:33+01	2018-01-29 12:35:33+01
443	\N	\N	\N	\N	Emelia_OConner89@hotmail.com	PLpdMGYrKD1g8uKlgsFAAe0IlHQTa2W13XzH.xK80DgAK9fW7esRi	\N	\N	toverify	\N	\N	\N	\N	\N	\N	\N	\N	\N	\N	\N	\N	\N	t	0	0	0	2018-01-29 12:37:09+01	2018-01-29 12:37:09+01
444	\N	\N	\N	\N	Foster32@hotmail.com	$2a$12$T4Rospbw.rQWR.0XDLBu6eE/djyeRr6YxavjEl2wZpkQXOlwy2bGW	\N	\N	normal	\N	\N	\N	\N	\N	\N	\N	\N	\N	\N	\N	\N	\N	f	0	0	0	2018-01-29 12:37:10+01	2018-01-29 12:37:10+01
\.


--
-- Name: users_id_seq; Type: SEQUENCE SET; Schema: public; Owner: vipfy_test_user
--

SELECT pg_catalog.setval('users_id_seq', 444, true);


--
-- Name: appimages appimages_pkey; Type: CONSTRAINT; Schema: public; Owner: vipfy_test_user
--

ALTER TABLE ONLY appimages
    ADD CONSTRAINT appimages_pkey PRIMARY KEY (id);


--
-- Name: appnotifications appnotifications_pkey; Type: CONSTRAINT; Schema: public; Owner: vipfy_test_user
--

ALTER TABLE ONLY appnotifications
    ADD CONSTRAINT appnotifications_pkey PRIMARY KEY (id);


--
-- Name: apps apps_name_key; Type: CONSTRAINT; Schema: public; Owner: vipfy_test_user
--

ALTER TABLE ONLY apps
    ADD CONSTRAINT apps_name_key UNIQUE (name);


--
-- Name: apps apps_pkey; Type: CONSTRAINT; Schema: public; Owner: vipfy_test_user
--

ALTER TABLE ONLY apps
    ADD CONSTRAINT apps_pkey PRIMARY KEY (id);


--
-- Name: boughtcompanyplans boughtcompanyplans_pkey; Type: CONSTRAINT; Schema: public; Owner: user
--

ALTER TABLE ONLY boughtcompanyplans
    ADD CONSTRAINT boughtcompanyplans_pkey PRIMARY KEY (companyid, appid, planid, datebought);


--
-- Name: boughtuserplans boughtuserplans_pkey; Type: CONSTRAINT; Schema: public; Owner: user
--

ALTER TABLE ONLY boughtuserplans
    ADD CONSTRAINT boughtuserplans_pkey PRIMARY KEY (userid, appid, planid, datebought);


--
-- Name: companies companies_pkey; Type: CONSTRAINT; Schema: public; Owner: vipfy_test_user
--

ALTER TABLE ONLY companies
    ADD CONSTRAINT companies_pkey PRIMARY KEY (id);


--
-- Name: departments departments_pkey; Type: CONSTRAINT; Schema: public; Owner: vipfy_test_user
--

ALTER TABLE ONLY departments
    ADD CONSTRAINT departments_pkey PRIMARY KEY (id);


--
-- Name: developers developers_pkey; Type: CONSTRAINT; Schema: public; Owner: vipfy_test_user
--

ALTER TABLE ONLY developers
    ADD CONSTRAINT developers_pkey PRIMARY KEY (id);


--
-- Name: notifications notifications_pkey; Type: CONSTRAINT; Schema: public; Owner: vipfy_test_user
--

ALTER TABLE ONLY notifications
    ADD CONSTRAINT notifications_pkey PRIMARY KEY (id);


--
-- Name: plans plans_pkey; Type: CONSTRAINT; Schema: public; Owner: vipfy_test_user
--

ALTER TABLE ONLY plans
    ADD CONSTRAINT plans_pkey PRIMARY KEY (id);


--
-- Name: reviews reviews_pkey; Type: CONSTRAINT; Schema: public; Owner: vipfy_test_user
--

ALTER TABLE ONLY reviews
    ADD CONSTRAINT reviews_pkey PRIMARY KEY (id);


--
-- Name: usedcompanyplans usedcompanyplans_pkey; Type: CONSTRAINT; Schema: public; Owner: user
--

ALTER TABLE ONLY usedcompanyplans
    ADD CONSTRAINT usedcompanyplans_pkey PRIMARY KEY (userid, appid, planid, companyid, planbought, usedfrom);


--
-- Name: users users_email_key; Type: CONSTRAINT; Schema: public; Owner: vipfy_test_user
--

ALTER TABLE ONLY users
    ADD CONSTRAINT users_email_key UNIQUE (email);


--
-- Name: users users_pkey; Type: CONSTRAINT; Schema: public; Owner: vipfy_test_user
--

ALTER TABLE ONLY users
    ADD CONSTRAINT users_pkey PRIMARY KEY (id);


--
-- Name: appimages appimages_appid_fkey; Type: FK CONSTRAINT; Schema: public; Owner: vipfy_test_user
--

ALTER TABLE ONLY appimages
    ADD CONSTRAINT appimages_appid_fkey FOREIGN KEY (appid) REFERENCES apps(id) ON UPDATE CASCADE ON DELETE SET NULL;


--
-- Name: appnotifications appnotifications_fromapp_fkey; Type: FK CONSTRAINT; Schema: public; Owner: vipfy_test_user
--

ALTER TABLE ONLY appnotifications
    ADD CONSTRAINT appnotifications_fromapp_fkey FOREIGN KEY (fromapp) REFERENCES apps(id) ON UPDATE CASCADE ON DELETE SET NULL;


--
-- Name: appnotifications appnotifications_touser_fkey; Type: FK CONSTRAINT; Schema: public; Owner: vipfy_test_user
--

ALTER TABLE ONLY appnotifications
    ADD CONSTRAINT appnotifications_touser_fkey FOREIGN KEY (touser) REFERENCES users(id) ON UPDATE CASCADE ON DELETE SET NULL;


--
-- Name: apps apps_developerid_fkey; Type: FK CONSTRAINT; Schema: public; Owner: vipfy_test_user
--

ALTER TABLE ONLY apps
    ADD CONSTRAINT apps_developerid_fkey FOREIGN KEY (developerid) REFERENCES developers(id) ON UPDATE CASCADE ON DELETE SET NULL;


--
-- Name: departments departments_companyid_fkey; Type: FK CONSTRAINT; Schema: public; Owner: vipfy_test_user
--

ALTER TABLE ONLY departments
    ADD CONSTRAINT departments_companyid_fkey FOREIGN KEY (companyid) REFERENCES companies(id) ON UPDATE CASCADE ON DELETE SET NULL;


--
-- Name: employees employees_companyid_fkey; Type: FK CONSTRAINT; Schema: public; Owner: vipfy_test_user
--

ALTER TABLE ONLY employees
    ADD CONSTRAINT employees_companyid_fkey FOREIGN KEY (companyid) REFERENCES companies(id) ON UPDATE CASCADE ON DELETE SET NULL;


--
-- Name: employees employees_departmentid_fkey; Type: FK CONSTRAINT; Schema: public; Owner: vipfy_test_user
--

ALTER TABLE ONLY employees
    ADD CONSTRAINT employees_departmentid_fkey FOREIGN KEY (departmentid) REFERENCES departments(id) ON UPDATE CASCADE ON DELETE SET NULL;


--
-- Name: employees employees_userid_fkey; Type: FK CONSTRAINT; Schema: public; Owner: vipfy_test_user
--

ALTER TABLE ONLY employees
    ADD CONSTRAINT employees_userid_fkey FOREIGN KEY (userid) REFERENCES users(id) ON UPDATE CASCADE ON DELETE SET NULL;


--
-- Name: notifications notifications_fromuser_fkey; Type: FK CONSTRAINT; Schema: public; Owner: vipfy_test_user
--

ALTER TABLE ONLY notifications
    ADD CONSTRAINT notifications_fromuser_fkey FOREIGN KEY (fromuser) REFERENCES users(id) ON UPDATE CASCADE ON DELETE SET NULL;


--
-- Name: notifications notifications_touser_fkey; Type: FK CONSTRAINT; Schema: public; Owner: vipfy_test_user
--

ALTER TABLE ONLY notifications
    ADD CONSTRAINT notifications_touser_fkey FOREIGN KEY (touser) REFERENCES users(id) ON UPDATE CASCADE ON DELETE SET NULL;


--
-- Name: plans plans_appid_fkey; Type: FK CONSTRAINT; Schema: public; Owner: vipfy_test_user
--

ALTER TABLE ONLY plans
    ADD CONSTRAINT plans_appid_fkey FOREIGN KEY (appid) REFERENCES apps(id) ON UPDATE CASCADE ON DELETE SET NULL;


--
-- Name: reviewhelpful reviewhelpful_reviewid_fkey; Type: FK CONSTRAINT; Schema: public; Owner: vipfy_test_user
--

ALTER TABLE ONLY reviewhelpful
    ADD CONSTRAINT reviewhelpful_reviewid_fkey FOREIGN KEY (reviewid) REFERENCES reviews(id) ON UPDATE CASCADE ON DELETE SET NULL;


--
-- Name: reviewhelpful reviewhelpful_userid_fkey; Type: FK CONSTRAINT; Schema: public; Owner: vipfy_test_user
--

ALTER TABLE ONLY reviewhelpful
    ADD CONSTRAINT reviewhelpful_userid_fkey FOREIGN KEY (userid) REFERENCES users(id) ON UPDATE CASCADE ON DELETE SET NULL;


--
-- Name: reviews reviews_answerto_fkey; Type: FK CONSTRAINT; Schema: public; Owner: vipfy_test_user
--

ALTER TABLE ONLY reviews
    ADD CONSTRAINT reviews_answerto_fkey FOREIGN KEY (answerto) REFERENCES reviews(id) ON UPDATE CASCADE ON DELETE SET NULL;


--
-- Name: reviews reviews_appid_fkey; Type: FK CONSTRAINT; Schema: public; Owner: vipfy_test_user
--

ALTER TABLE ONLY reviews
    ADD CONSTRAINT reviews_appid_fkey FOREIGN KEY (appid) REFERENCES apps(id) ON UPDATE CASCADE ON DELETE SET NULL;


--
-- Name: reviews reviews_userid_fkey; Type: FK CONSTRAINT; Schema: public; Owner: vipfy_test_user
--

ALTER TABLE ONLY reviews
    ADD CONSTRAINT reviews_userid_fkey FOREIGN KEY (userid) REFERENCES users(id) ON UPDATE CASCADE ON DELETE SET NULL;


--
-- Name: speaks speaks_userid_fkey; Type: FK CONSTRAINT; Schema: public; Owner: vipfy_test_user
--

ALTER TABLE ONLY speaks
    ADD CONSTRAINT speaks_userid_fkey FOREIGN KEY (userid) REFERENCES users(id) ON UPDATE CASCADE ON DELETE SET NULL;


--
-- Name: usedcompanyplans usedcompanyplans_appid_fkey; Type: FK CONSTRAINT; Schema: public; Owner: user
--

ALTER TABLE ONLY usedcompanyplans
    ADD CONSTRAINT usedcompanyplans_appid_fkey FOREIGN KEY (appid, planid, companyid, planbought) REFERENCES boughtcompanyplans(companyid, appid, planid, datebought);


--
-- Name: userbills userbills_planid_fkey; Type: FK CONSTRAINT; Schema: public; Owner: vipfy_test_user
--

ALTER TABLE ONLY userbills
    ADD CONSTRAINT userbills_planid_fkey FOREIGN KEY (planid) REFERENCES plans(id) ON UPDATE CASCADE ON DELETE SET NULL;


--
-- Name: userbills userbills_userid_fkey; Type: FK CONSTRAINT; Schema: public; Owner: vipfy_test_user
--

ALTER TABLE ONLY userbills
    ADD CONSTRAINT userbills_userid_fkey FOREIGN KEY (userid) REFERENCES users(id) ON UPDATE CASCADE ON DELETE SET NULL;


--
-- Name: userrights userrights_companyid_fkey; Type: FK CONSTRAINT; Schema: public; Owner: vipfy_test_user
--

ALTER TABLE ONLY userrights
    ADD CONSTRAINT userrights_companyid_fkey FOREIGN KEY (companyid) REFERENCES companies(id) ON UPDATE CASCADE ON DELETE SET NULL;


--
-- Name: userrights userrights_departmentid_fkey; Type: FK CONSTRAINT; Schema: public; Owner: vipfy_test_user
--

ALTER TABLE ONLY userrights
    ADD CONSTRAINT userrights_departmentid_fkey FOREIGN KEY (departmentid) REFERENCES departments(id) ON UPDATE CASCADE ON DELETE SET NULL;


--
-- Name: userrights userrights_userid_fkey; Type: FK CONSTRAINT; Schema: public; Owner: vipfy_test_user
--

ALTER TABLE ONLY userrights
    ADD CONSTRAINT userrights_userid_fkey FOREIGN KEY (userid) REFERENCES users(id) ON UPDATE CASCADE ON DELETE SET NULL;


--
-- PostgreSQL database dump complete
--

